PID,Type,SMILES,density_MD,density_MD_std,n_repeat_vdw,vdw,FFV,H2,H2_log10
Perm2,Substituted Polyacetylenes,*C(=C(*)C1=CC2=C(C=C1)C1=C(C2)C=CC=C1)C1=CC=CC=C1,0.8624997109000001,0.012608478029274,10,0.5655972525336848,0.3658242931650213,3650.0,3.5622928644564746
Perm3,Substituted Polyacetylenes,*C(=C(*)C1=CC2=C(C=C1)C1=C(C=CC=C1)C=C2)C1=CC=CC=C1,0.9004137235099999,0.012034427225006,10,0.5620911241531983,0.3420510693340861,2500.0,3.3979400086720375
Perm4,Substituted Polyacetylenes,*C(=C(*)C1=CC=C(C=C1)C1=CC=CC=C1)C1=CC=CC=C1,0.8735587305,0.0104052659771213,10,0.5779474456395146,0.3436676520188562,440.0,2.6434526764861874
Perm6,Substituted Polyacetylenes,*C(=C(*)C1=CC=C2C3=C(C=CC=C3)C3(CC3)C2=C1)C1=CC=CC=C1,0.82358907564,0.0096575608775921,10,0.5691612238059106,0.3906185439342265,1400.0,3.146128035678238
Perm7,Substituted Polyacetylenes,*C(=C(*)C1=CC=C2CCCC2=C1)C1=CC=CC=C1,0.8083088407500001,0.0102339531634355,10,0.5839613533357622,0.3863725380750794,360.0,2.5563025007672873
Perm9,Poly(aryl ethers) and Poly(aryl ether ketones),*C(=O)C1=CC=C(C=C1)C1(OC(=O)C2=C1C=CC=C2)C1=CC=C(C=C1)C(=O)C1=CC=C(OC2=CC=C(C=C2)C(=O)C2=CC=C(C=C2)C(=O)C2=CC=C(OC3=CC=C(*)C=C3)C=C2)C=C1,1.1497242726,0.0070644421270412,10,0.5259264286845257,0.2139285051414382,7.5,0.8750612633917001
Perm10,Poly(aryl ethers) and Poly(aryl ether ketones),*C(=O)C1=CC=C(C=C1)C1(OC(=O)C2=C1C=CC=C2)C1=CC=C(C=C1)C(=O)C1=CC=C(OC2=CC=C(C=C2)C(=O)C2=CC=C(OC3=CC=C(*)C=C3)C=C2)C=C1,1.1537236766,0.0089421825060733,10,0.525352663851894,0.2120546510939455,9.2,0.9637878273455552
Perm11,Poly(aryl ethers) and Poly(aryl ether ketones),*C(=O)C1=CC=C(C=C1)C1(OC(=O)C2=C1C=CC=C2)C1=CC=C(C=C1)C(=O)C1=CC=C(OC2=CC=C(C=C2)C(=O)C2=CC=CC(=C2)C(=O)C2=CC=C(OC3=CC=C(*)C=C3)C=C2)C=C1,1.1451486112,0.0078520090701534,10,0.5259585758131321,0.2170090475665204,5.3,0.724275869600789
Perm13,Polyimides and Polypyrrolones,*C1=CC(C(=O)C2=CC=CC=C2)=C(*)C=C1,0.95748664936,0.0065972273496167,10,0.548760706572005,0.3169396346931281,27.37,1.4372747974101237
Perm16,High Temperature Polymers,*C1=CC2C(C=C1)C(=O)N(C2=O)C1=CC=C(OC2=CC=C(C=C2)N2C(=O)C3=CC=C(*)C=C3C2=O)C=C1,1.1488317112,0.0067174805045287,10,0.5009245422339081,0.2518786012523454,14.3,1.1553360374650619
Perm18,High Temperature Polymers,*C1=CC=C(C=C1)C1(OC(=O)C2=CC=CC=C12)C1=CC=C(*)C=C1,0.95887945161,0.0081073092155579,10,0.5324351027333243,0.3362965968751028,74.0,1.8692317197309762
Perm21,Polysulfones,*C1=CC=C(OC2=CC=C(C=C2)S(=O)(=O)C2=CC=C(OC3=CC=C(C=C3)S(*)(=O)=O)C=C2)C=C1,1.2697049749,0.0076413258736483,10,0.4854115154855292,0.1987717590885577,8.35,0.921686475483602
Perm23,High Temperature Polymers,*C1=CC=C2C(=O)N(C(=O)C2=C1)C1=CC=C(OC2=CC=C(C=C2)N2C(=O)C3=C(C=C(C=C3)C3=NC4=C(C=C(CC5=CC=C6N=C(*)OC(=O)C6=C5)C=C4)C(=O)O3)C2=O)C=C1,1.1974327489,0.0067528909090498,10,0.4874814254709346,0.2411559096588427,2.56,0.4082399653118496
Perm24,High Temperature Polymers,*C1=NC2=C(N1)C=CC(=C2)C1=CC2=C(NC(=N2)C2=CC=C(*)C=C2)C=C1,1.118068641,0.0061274530181314,10,0.5180436743467253,0.2470290969578633,0.16,-0.7958800173440752
Perm25,High Temperature Polymers,*C1=NC2=C(N1)C=CC(=C2)C1=CC2=C(NC(=N2)C2=CC=CC(*)=C2)C=C1,1.1316929946,0.0069132745793335,10,0.5179765516413217,0.2379524346825863,0.615,-0.21112488422458328
Perm26,High Temperature Polymers,*C1=NC2=C(N1)C=CC(=C2)C1=CC2=C(NC(=N2)C2=CC=CC(*)=N2)C=C1,1.0569729768,0.0073439505317597,10,0.494942080904692,0.3199174740233557,1.38,0.13987908640123647
Perm31,Vinyl and Vinylidene Polymers,*CC(*)C1=CC=CC=C1,0.93663776549,0.008922554794418,10,0.6157732721851792,0.2502165477796105,26.15,1.417471693203293
Perm32,Vinyl and Vinylidene Polymers,*CC(*)C1=CC=NC=C1,0.97336577416,0.008691466969402,10,0.5865062227392136,0.2578493913899242,12.64,1.1017470739463662
Perm44,Parylenes,*CC1=CC=C(C*)C(=C1)C#N,1.0255417283,0.0073105537219167,10,0.5810019643813721,0.2254057136934225,1.78,0.250420002308894
Perm45,Parylenes,*CC1=CC=C(C*)C=C1,1.00165451618,0.0071337801596553,10,0.6149517242265464,0.1992400766545424,3.2,0.505149978319906
Perm46,Vinyl and Vinylidene Polymers,*CC1CC(*)OCO1,1.0786845793,0.0073064967054292,10,0.5531035555998522,0.224388440963971,0.93,-0.03151705144606486
Perm48,Hydrocarbon Elastomers,*CCCC=C*,0.83400736073,0.0091666463462852,10,0.699714826641877,0.2413624894193862,415.0,2.6180480967120925
Perm50,Thermally Rearranged Polymers,*CCCCO*,0.96258500444,0.0082079745978977,10,0.6437989045757015,0.1943754771546906,36.0,1.5563025007672873
Perm54,Hydrocarbon Elastomers,*CCSS*,1.3317528994,0.0091860565197152,10,0.471750374680878,0.1832685919434156,1.57,0.19589965240923377
Perm58,Hydrocarbon Elastomers,*C\C=C/C*,0.84101602449,0.0087849192920751,10,0.6936309815226566,0.2416387982937343,41.9,1.6222140229662954
Perm62,Polyimides and Polypyrrolones,*N1C(=O)C2=C(C=C(C=C2)C(=O)C2=CC=C3C(=O)N(C(=O)C3=C2)C2=CC3=C(C=C2)C2C=CC(*)=CC2C3=O)C1=O,1.1751284357,0.0068168192748055,10,0.485667605110287,0.2580616430175581,1.75,0.24303804868629444
Perm63,Polyimides and Polypyrrolones,*N1C(=O)C2=C(C=C(C=C2)C(=O)C2=CC=C3C(=O)N(C(=O)C3=C2)C2=CC=C(CC3=CC=C(*)C=C3)C=C2)C1=O,1.1869138425,0.0071397069267739,10,0.5022542233897604,0.2250277627459878,4.03,0.6053050461411095
Perm64,Polyimides and Polypyrrolones,*N1C(=O)C2=C(C=C(C=C2)C(=O)C2=CC=C3C(=O)N(C(=O)C3=C2)C2=CC=C(OC3=CC=C(*)C=C3)C=C2)C1=O,1.2139549383,0.0065217992390303,10,0.490189137903873,0.2264122179427459,3.59,0.5550944485783191
Perm66,Polyimides and Polypyrrolones,*N1C(=O)C2=C(C=C(C=C2)C2=CC=C3C(=O)N(C(=O)C3=C2)C2=CC=C(CC3=CC=C(*)C=C3)C=C2)C1=O,1.1692202049,0.0071123390473972,10,0.507243982510131,0.2289961128857762,3.6,0.5563025007672873
Perm67,Polyimides and Polypyrrolones,*N1C(=O)C2=C(C=C(C=C2)C2=CC=C3C(=O)N(C(=O)C3=C2)C2=CC=C(OC3=CC=C(*)C=C3)C=C2)C1=O,1.1776905628,0.0067508761362361,10,0.4944583958256607,0.2429853176005602,3.315,0.520483532740792
Perm71,Polyimides and Polypyrrolones,*N1C(=O)C2=C(C=C(C=C2)S(=O)(=O)C2=CC=C3C(=O)N(C(=O)C3=C2)C2=CC=C(CC3=CC=C(*)C=C3)C=C2)C1=O,1.253213856,0.0065821822954027,10,0.4846227158704742,0.2104633268004019,6.32,0.800717078282385
Perm72,Polyimides and Polypyrrolones,*N1C(=O)C2=C(C=C(C=C2)S(=O)(=O)C2=CC=C3C(=O)N(C(=O)C3=C2)C2=CC=C(OC3=CC=C(*)C=C3)C=C2)C1=O,1.2210342161,0.0063707663185739,10,0.4734895589151885,0.2484089618779953,5.61,0.7489628612561614
Perm73,Polyimides and Polypyrrolones,*N1C(=O)C2=C(C=C(OC3=CC=C(OC4=CC=C5C(=O)N(C(=O)C5=C4)C4=CC=C(CC5=CC=C(*)C=C5)C=C4)C=C3)C=C2)C1=O,1.2113698788,0.0069615326401138,10,0.5040911193051276,0.2061669624741485,5.08,0.7058637122839193
Perm74,Polyimides and Polypyrrolones,*N1C(=O)C2=C(C=C(OC3=CC=C(OC4=CC=C5C(=O)N(C(=O)C5=C4)C4=CC=C(OC5=CC=C(*)C=C5)C=C4)C=C3)C=C2)C1=O,1.2378936986,0.0064585066180668,10,0.49461100170432,0.2040414050515849,4.0,0.6020599913279624
Perm76,Polyimides and Polypyrrolones,*N1C(=O)C2=C(C=C(OC3=CC=C4C(=O)N(C(=O)C4=C3)C3=CC=C(CC4=CC=C(*)C=C4)C=C3)C=C2)C1=O,1.1905518098000003,0.0067010234357021,10,0.5010336001207639,0.2245416027872993,5.62,0.7497363155690611
Perm78,Polyimides and Polypyrrolones,*N1C(=O)C2=C(C=C(SC3=CC=C4C(=O)N(C(=O)C4=C3)C3=CC=C(CC4=CC=C(*)C=C4)C=C3)C=C2)C1=O,1.1975321104,0.0068552724596114,10,0.4969732793166606,0.226316102009764,5.43,0.7347998295888469
Perm79,Polyimides and Polypyrrolones,*N1C(=O)C2=C(C=C(SC3=CC=C4C(=O)N(C(=O)C4=C3)C3=CC=C(OC4=CC=C(*)C=C4)C=C3)C=C2)C1=O,1.2370422366,0.0068089408827118,10,0.4849005874193208,0.2202047406531944,4.68,0.670245853074124
Perm80,Polyimides and Polypyrrolones,*N1C(=O)C2=C(C=C3C(=C2)S(=O)(=O)C2=C(C=C4C(=O)N(C(=O)C4=C2)C2=CC=C(OC4=CC=C(*)C=C4)C=C2)S3(=O)=O)C1=O,1.1698866932999998,0.0069138610416487,10,0.4451187658714369,0.3230399225295541,19.0,1.2787536009528289
Perm87,Polyimides and Polypyrrolones,*N1C(=O)C2=CC=C(C=C2C1=O)C(=O)C1=CC=C2C(=O)N(C(=O)C2=C1)C1=CC=C(OC2=CC=C(*)C=C2)C=C1,1.2035022262,0.0064883864083404,10,0.4901347033453402,0.2331583314018084,4.79,0.6803355134145632
Perm88,Polyimides and Polypyrrolones,*N1C(=O)C2=CC=C(C=C2C1=O)C1=CC=C2C(=O)N(C(=O)C2=C1)C1=CC=C(C=C1)S(=O)(=O)C1=CC=C(*)C=C1,1.222688944,0.0068101375904753,10,0.4783376581194201,0.2396843840940932,11.3,1.0530784434834197
Perm89,Polyimides and Polypyrrolones,*N1C(=O)C2=CC=C(C=C2C1=O)C1=CC=C2C(=O)N(C(=O)C2=C1)C1=CC=C(CC2=CC=C(*)C=C2)C=C1,1.1223215407000002,0.0071505556233355,10,0.5072165603248026,0.2599619071120268,9.1,0.9590413923210935
Perm90,Carbon Molecular Sieves,*N1C(=O)C2=CC=C(C=C2C1=O)C1=CC=C2C(=O)N(C(=O)C2=C1)C1=CC=C(OC2=CC=C(*)C=C2)C=C1,1.2190097013,0.0069122389523918,10,0.4944699476349927,0.2164072378811331,3.68,0.5658478186735176
Perm91,Polyimides and Polypyrrolones,*N1C(=O)C2=CC=C(OC3=CC=C(OC4=CC5=C(C=C4)C(=O)N(C5=O)C4=CC=C(CC5=CC=C(*)C=C5)C=C4)C=C3)C=C2C1=O,1.1872565027000002,0.0063498462310768,10,0.5054889015870425,0.2198115189125343,5.08,0.7058637122839193
Perm92,Polyimides and Polypyrrolones,*N1C(=O)C2=CC=C(OC3=CC=C(OC4=CC5=C(C=C4)C(=O)N(C5=O)C4=CC=CC(*)=C4)C=C3)C=C2C1=O,1.2177334962,0.0068019472046569,10,0.4888194664611158,0.2261726107243928,3.75,0.5740312677277188
Perm93,Polyimides and Polypyrrolones,*N1C(=O)C2C=C3C(=O)N(C(=O)C3=CC2C1=O)C1=CC(OC2=CC(*)=CC=C2)=CC=C1,1.2065623196000002,0.0075111325991036,10,0.488103345475027,0.2343947638628705,3.6,0.5563025007672873
Perm94,Polyimides and Polypyrrolones,*N1C(=O)C2C=CC(=CC2C1=O)C(=O)C1=CC=C2C(=O)N(C(=O)C2=C1)C1=CC=C(C=C1)N(C1=CC=CC=C1)C1=CC=C(*)C=C1,1.1212571899,0.0077267950301665,10,0.5113672102027249,0.2546135905454171,12.7,1.1038037209559568
Perm95,Polyimides and Polypyrrolones,*N1C(=O)C2C=CC(=CC2C1=O)C1=CC=C2C(=O)N(C(=O)C2=C1)C1=CC=C(C=C1)N(C1=CC=CC=C1)C1=CC=C(*)C=C1,1.1030164929,0.0076643352003603,10,0.515560902655118,0.2607261676600915,14.7,1.167317334748176
Perm96,Polyimides and Polypyrrolones,*N1C(=O)C2C=CC(=CC2C1=O)C1=CC=C2C(=O)N(C(=O)C2=C1)C1=CC=C(C=C1)S(=O)(=O)C1=CC=C(*)C=C1,1.2182266719,0.0067731655718433,10,0.4835087784863429,0.2342697229351926,8.8,0.9444826721501687
Perm97,Polyimides and Polypyrrolones,*N1C(=O)C2C=CC(=CC2C1=O)C1=CC=C2C(=O)N(C(=O)C2=C1)C1=CC=C(CC2=CC=C(*)C=C2)C=C1,1.1304834889,0.0074676273198556,10,0.5134108165201919,0.2454768135716323,6.5,0.8129133566428556
Perm98,Polyimides and Polypyrrolones,*N1C(=O)C2C=CC(OC3=CC=C4C(=O)N(C(=O)C4=C3)C3=CC=C(C=C3)N(C3=CC=CC=C3)C3=CC=C(*)C=C3)=CC2C1=O,1.1727620639000005,0.0071341504367051,10,0.510287761157826,0.2220200336541286,11.6,1.0644579892269184
Perm102,Conjugated Polymers (excl. subst. acetylenes/propynes),*NC1=CC=C(*)C=C1,1.1636501549,0.0062018520710177,10,0.561859333172358,0.1500499898985673,3.66,0.5634810853944107
Perm112,Polycarbonates,*OC(=O)OC1=CC=C(C=C1)C1(CC2CCC1C2)C1=CC=C(*)C=C1,1.0820721594000002,0.0075358100197367,10,0.5476884090265732,0.2295701067361448,22.0,1.3424226808222062
Perm113,Polycarbonates,*OC(=O)OC1=CC=C(C=C1)C1(CCCCC1)C1=CC=C(*)C=C1,1.0662909702,0.0070660897461051,10,0.5561146337263275,0.2291259839599974,9.1,0.9590413923210935
Perm114,Poly(aryl ethers) and Poly(aryl ether ketones),*OC1=C(C=C(*)C=C1C1=CC=CC=C1)C1=CC=CC=C1,1.00743737102,0.0082580774338076,10,0.5547779653902664,0.2734247285616272,28.0,1.4471580313422192
Perm117,High Temperature Polymers,*OC1=CC2=C(C=C1)N=C(C1=CC=CC=C1)C(=N2)C1=CC=C(C=C1)C1=NC2=C(C=CC(*)=C2)N=C1C1=CC=CC=C1,1.069858881,0.0072551353658629,10,0.5278105162122354,0.2659124012686891,17.2,1.235528446907549
Perm121,Poly(aryl ethers) and Poly(aryl ether ketones),*OC1=CC=C(C=C1)C(=O)C1=CC=C(C=C1)C1=CC=C(C=C1)C(=O)C1=CC=C(OC2=CC=C(C=C2)S(=O)(=O)C2=CC=C(*)C=C2)C=C1,1.1877543728,0.0072129604845286,10,0.5174043854191591,0.2010858823262463,8.38,0.9232440186302765
Perm124,Polysulfones,*OC1=CC=C(C=C1)C1(C2CC3CC(C2)CC1C3)C1=CC=C(OC2=CC=C(C=C2)S(=O)(=O)C2=CC=C(*)C=C2)C=C1,1.0943862111,0.0067592097284386,10,0.5344977172922578,0.239568988830205,17.3,1.2380461031287955
Perm125,Poly(aryl ethers) and Poly(aryl ether ketones),*OC1=CC=C(C=C1)C1(NC(=O)C2C=CC=CC12)C1=CC=C(OC2=CC=C(C=C2)C(=O)C2=CC=C(*)C=C2)C=C1,1.1462884576,0.0076086768204609,10,0.5343048898022175,0.2037922135746215,9.91,0.9960736544852753
Perm126,Uncategorised,*OC1=CC=C(C=C1)C1(OC(=O)C2=C1C=CC=C2)C1=CC=C(OC(=O)C2=CC=CC(=C2)C(*)=O)C=C1,1.1758585765000005,0.0086735732966759,10,0.5107886518973578,0.2192002177539042,19.7,1.294466226161593
Perm127,Polysulfones,*OC1=CC=C(C=C1)C1(OC(=O)C2=C1C=CC=C2)C1=CC=C(OC2=CC=C(C=C2)S(=O)(=O)C2=CC=C(*)C=C2)C=C1,1.1684222175,0.0077854766791677,10,0.5051884895121581,0.2326445082773472,10.05,1.0021660617565078
Perm128,Polyarylates,*OC1=CC=C(C=C1)C1(OC(=O)C2=CC=CC=C12)C1=CC=C(OC(=C)C2=CC=C(C=C2)C2=CC=C(C=C2)C(*)=O)C=C1,1.1400349477,0.0074014335525158,10,0.5301916410461884,0.2142319002976107,10.4,1.0170333392987803
Perm129,Poly(aryl ethers) and Poly(aryl ether ketones),*OC1=CC=C(C=C1)C1(OC(=O)C2C=CC=CC12)C1=CC=C(OC2=CC=C(C=C2)C(=O)C2=CC=C(*)C=C2)C=C1,1.135146548,0.007343530754483,10,0.5290701220369528,0.2192562405157585,11.7,1.0681858617461617
Perm130,Poly(aryl ethers) and Poly(aryl ether ketones),*OC1=CC=C(C=C1)C1(OC(=O)C2C=CC=CC12)C1=CC=C(OC2=CC=C(C=C2)C(=O)C2=CC=C(C=C2)C(=O)C2=CC=C(*)C=C2)C=C1,1.1392932008,0.0072479769648076,10,0.5292325091709092,0.2161637008570371,7.51,0.8756399370041684
Perm131,Polysulfones,*OC1=CC=C(C=C1)C12CC3CC(C1)CC(C3)(C2)C1=CC=C(OC2=CC=C(C=C2)S(=O)(=O)C2=CC=C(*)C=C2)C=C1,1.1418454259,0.0071158421857086,10,0.533403656612335,0.2082161169005322,27.8,1.4440447959180762
Perm132,Polysulfones,*OC1=CC=C(C=C1)C1=CC=C(OC2=CC=C(C=C2)S(=O)(=O)C2=CC=C(*)C=C2)C=C1,1.1908224475,0.0081497068316815,10,0.5113123965349281,0.2084530366775422,28.0,1.4471580313422192
Perm134,Polysulfones,*OC1=CC=C(C=C1)C1=NN(C2=CC=C(C=C2)S(=O)(=O)C2=CC=C(*)C=C2)C(=O)C2=C1C=CC=C2,1.2088721623,0.0078387666622737,10,0.4988599830378865,0.2160246697060635,2.4,0.38021124171160603
Perm135,Polysulfones,*OC1=CC=C(C=C1)S(=O)(=O)C1=CC=C(OC2=CC3=CC(*)=CC=C3C=C2)C=C1,1.2329637754,0.0076157474459343,10,0.5018617413175694,0.1955894485051528,8.15,0.9111576087399766
Perm136,Polysulfones,*OC1=CC=C(C=C1)S(=O)(=O)C1=CC=C(OC2=CC3=CC=C(*)C=C3C=C2)C=C1,1.2108570799,0.0072601158913988,10,0.5014310403721554,0.2106902770888788,7.25,0.8603380065709937
Perm140,Polysulfones,*OC1=CC=C(C=C1)S(=O)(=O)C1=CC=C(OC2=CC=CC3=C(*)C=CC=C23)C=C1,1.1951643291999998,0.007682652720142,10,0.5017820295008062,0.2203744224991707,8.1,0.9084850188786497
Perm144,Polysulfones,*OC1=CC=C(OC2=CC=C(OC3=CC=C(C=C3)S(=O)(=O)C3=CC=C(*)C=C3)C=C2)C=C1,1.2241242644,0.0069766951784383,10,0.504191982549176,0.1976482683192959,15.0,1.1760912590556813
Perm145,Polyesters,*OCCCCCC(*)=O,1.00085262148,0.0091501543680355,10,0.5988415351511721,0.2208422436006943,5.06,0.7041505168397991
Perm147,High Temperature Polymers,BrC1=C(C=CC(*)=C1)C1=NC2=C(N1)C=CC(=C2)C1=CC2=C(NC(*)=N2)C=C1,1.2616073604999998,0.0083840210996901,10,0.4432641008045893,0.2730071721133712,0.38,-0.42021640338318983
Perm149,Uncategorised,BrC1=CC(=CC(Br)=C1O*)C1(C2C=CC=CC2C2C=CC=CC12)C1=CC(Br)=C(OC(=O)C2=CC=CC(=C2)C(*)=O)C(Br)=C1,1.409526249,0.0100186736307616,10,0.387800710033672,0.2894001357747121,62.2,1.7937903846908188
Perm150,Uncategorised,BrC1=CC(=CC(Br)=C1O*)C1(OC(=O)C2=C1C=CC=C2)C1=CC(Br)=C(OC(=O)C2=CC=CC(=C2)C(*)=O)C(Br)=C1,1.5597772854999998,0.0097406271828776,10,0.3621245630378863,0.2657162316674597,27.1,1.4329692908744058
Perm151,Parylenes,BrC1=CC(C*)=CC=C1C*,1.4796808071999998,0.0088862200374648,10,0.4153577857935408,0.2010239731122716,0.452,-0.3448615651886179
Perm157,Vinyl and Vinylidene Polymers,CC(*)(C*)C(=O)OCC(F)(F)C(F)(F)C(F)(F)C(F)(F)C(F)(F)C(F)(F)C(F)(F)F,1.5164963537999998,0.011611479306766,10,0.369260445828194,0.2720232443886758,82.0,1.9138138523837167
Perm159,Polymers with High Free Volume,CC(*)=C(*)C1=CC=CC=C1,0.7767120070000001,0.0104054460604849,10,0.6072797391765796,0.3868140954658389,199.0,2.298853076409707
Perm162,Vinyl and Vinylidene Polymers,CC(=O)OC(*)C*,1.032162875,0.0081585704521894,10,0.5592897899314087,0.2495383952061265,9.19,0.9633155113861113
Perm165,Polyimides_NEW,CC(=O)OC1=CC=C2C=C(C=CC2=C1C1=C(OC(C)=O)C=CC2=CC(*)=CC=C12)N1C(=O)C2=C(C=C(C=C2)C(=O)C2=CC3=C(C=C2)C(=O)N(*)C3=O)C1=O,1.1485531958,0.0082961764224765,10,0.4969873618660975,0.2579386504334274,4.67,0.6693168805661122
Perm166,Polyimides_NEW,CC(=O)OC1=CC=C2C=C(C=CC2=C1C1=C(OC(C)=O)C=CC2=CC(*)=CC=C12)N1C(=O)C2=C(C=C(C=C2)C(C2=CC3=C(C=C2)C(=O)N(*)C3=O)(C(F)(F)F)C(F)(F)F)C1=O,1.1308646625,0.0096996787648264,10,0.4668040035395299,0.3137402025087068,6.56,0.8169038393756602
Perm167,Polyimides_NEW,CC(=O)OC1=CC=C2C=C(C=CC2=C1C1=C(OC(C)=O)C=CC2=CC(*)=CC=C12)N1C(=O)C2=C(C=C(OC3=CC4=C(C=C3)C(=O)N(*)C4=O)C=C2)C1=O,1.1423952909,0.0075619748308235,10,0.4958865527510382,0.2635519985115534,3.18,0.5024271199844327
Perm169,Cellulosic Polymers,CC(=O)OC1OC(O*)C(OC(C)=O)C(O)C1*,1.0757398222,0.0093928445820832,10,0.4936715846280718,0.3096191625251074,12.0,1.0791812460476249
Perm171,Hydrocarbon Elastomers,CC(C)(*)C*,0.78849400739,0.0067979927592563,10,0.7276020667265286,0.2541771698080193,13.3,1.1238516409670858
Perm173,High Temperature Polymers,CC(C)(C)C1=CC(*)=CC(=C1)C1=NC2=C(N1)C=CC(=C2)C1=CC2=C(NC(*)=N2)C=C1,0.99683820007,0.0078131676647893,10,0.5488989471712824,0.2886875299258989,10.68,1.0285712526925377
Perm176,Polyarylates,CC(C)(C)C1=CC(=CC(=C1)C(=O)OC1=C(Br)C=C(C=C1Br)C(C)(C)C1=CC(Br)=C(O*)C(Br)=C1)C(*)=O,1.4446658724,0.0094842677212733,10,0.387759321455502,0.2717625440647316,53.95,1.7319914490189294
Perm177,Polyarylates,CC(C)(C)C1=CC(=CC(=C1)C(=O)OC1=C(Br)C=C(C=C1Br)C(C1=CC(Br)=C(O*)C(Br)=C1)(C(F)(F)F)C(F)(F)F)C(*)=O,1.4472773782999997,0.0108526137718136,10,0.358983276989629,0.3245871112323792,149.0,2.173186268412274
Perm178,Polyarylates,CC(C)(C)C1=CC(=CC(=C1)C(=O)OC1=C(Br)C=C(C=C1Br)C1(C2C=CC=CC2C2C=CC=CC12)C1=CC(Br)=C(O*)C(Br)=C1)C(*)=O,1.2889871696,0.0107231441808174,10,0.409460396921228,0.3138740424819779,139.0,2.143014800254095
Perm179,Uncategorised,CC(C)(C)C1=CC(=CC(=C1)C(=O)OC1=C(Br)C=C(C=C1Br)C1(OC(=O)C2=C1C=CC=C2)C1=CC(Br)=C(O*)C(Br)=C1)C(*)=O,1.409337969,0.00952275070614,10,0.3865984637684674,0.2916977381302363,67.4,1.8286598965353198
Perm180,Polyarylates,CC(C)(C)C1=CC(=CC(=C1)C(=O)OC1=C(Br)C=C(C=C1Br)C1(OC(=O)C2C=CC=CC12)C1=CC(Br)=C(O*)C(Br)=C1)C(*)=O,1.3722464939,0.0138191006093466,10,0.3906361554869307,0.3031361768152293,67.5,1.8293037728310249
Perm187,Substituted Polyacetylenes,CC(C)(C)C1=CC=C(C=C1)C(*)=C(*)C1=CC=C(O)C=C1,0.77806062664,0.011267171132865,10,0.5957391570412133,0.3974224636060867,340.0,2.531478917042255
Perm189,Substituted Polyacetylenes,CC(C)(C)C1=CC=C(C=C1)C(*)=C(*)C1=CC=CC(O)=C1,0.7813534859800001,0.0105944403448437,10,0.595669951435307,0.3949425690382311,1700.0,3.230448921378274
Perm194,Substituted Polyacetylenes,CC(C)(C)C1=CC=C(C=C1)C1=CC=C(C=C1)C(*)=C(*)C1=CC=CC=C1,0.8188735849800001,0.0093727160271275,10,0.602132221163723,0.3590087782507993,455.0,2.6580113966571126
Perm200,Vinyl and Vinylidene Polymers,CC(C)(C)OC(=O)C(*)C(*)C(=O)OC1CCCCC1,0.91437271299,0.0093333473387498,10,0.5850930741585831,0.3045089159589441,72.0,1.8573324964312685
Perm201,Vinyl and Vinylidene Polymers,CC(C)(C)OC(=O)C(C)(*)C*,0.82540611453,0.0097989938657096,10,0.6200458467150395,0.3346734768822179,62.2,1.7937903846908188
Perm208,Polycarbonates,CC(C)(C1=CC(Br)=C(*)C(Br)=C1)C1=CC(Br)=C(OC(=O)O*)C(Br)=C1,1.7447477047,0.0130659305604246,10,0.3297237284867724,0.2521298659988512,43.0,1.6334684555795864
Perm209,Polyarylates,CC(C)(C1=CC(Br)=C(O*)C(Br)=C1)C1=CC(Br)=C(OC(=O)C2=CC=CC(=C2)C(*)=O)C(Br)=C1,1.5713714528,0.0106639129141423,10,0.3600115772643766,0.2645745102520341,18.05,1.2564772062416767
Perm212,High Temperature Polymers,CC(C)(C1=CC2N=C(*)OC2C=C1)C1=CC=C2OC(=NC2=C1)C1=CC=C(C=C1)C(=O)C1=CC=C(*)C=C1,1.0743312649,0.0069549052191964,10,0.5362018258349778,0.2511240984717244,12.5,1.0969100130080565
Perm213,Polyimides and Polypyrrolones,CC(C)(C1=CC=C(*)C=C1)C1=CC(=CC=C1)N1C(=O)C2=CC=C(C=C2C1=O)C(C1=CC=C2C(=O)N(*)C(=O)C2=C1)(C(F)(F)F)C(F)(F)F,1.1644850845,0.0082593678626308,10,0.4728217391973394,0.2842279782005539,38.2,1.5820633629117087
Perm217,High Temperature Polymers,CC(C)(C1=CC=C(*)C=C1)C1=CC=C(C=C1)C1=NC2=C(N1)C=CC(=C2)C1=CC2=C(NC(*)=N2)C=C1,1.046399234,0.0066877365236583,10,0.5467958637425853,0.2561831951330076,12.2,1.0863598306747482
Perm220,Polyimides and Polypyrrolones,CC(C)(C1=CC=C(*)C=C1)C1=CC=C(C=C1)N1C(=O)C2=C(C=C(OC3=CC=C(OC4=CC=C5C(=O)N(*)C(=O)C5=C4)C=C3)C=C2)C1=O,1.1561834556,0.0073702326876849,10,0.5159957143112466,0.2244385795386823,9.33,0.9698816437465
Perm222,Poly(aryl ethers) and Poly(aryl ether ketones),CC(C)(C1=CC=C(*)C=C1)C1=CC=C(OC2=CC=C(C=C2)C(=O)C2=CC=C(C=C2)C2=CC=C(C=C2)C(=O)C2=CC=C(O*)C=C2)C=C1,1.1069540328999998,0.0068571397512691,10,0.553362249929006,0.2036894535224099,8.9,0.9493900066449128
Perm223,Polysulfones,CC(C)(C1=CC=C(*)C=C1)C1=CC=C(OC2=CC=C(C=C2)S(=O)(=O)C2=CC=C(C=C2)C2=CC=C(C=C2)S(=O)(=O)C2=CC=C(O*)C=C2)C=C1,1.182170504,0.0071531616462989,10,0.519473999638814,0.2016611080417136,20.1,1.3031960574204888
Perm224,Polysulfones,CC(C)(C1=CC=C(*)C=C1)C1=CC=C(OC2=CC=C(C=C2)S(=O)(=O)C2=CC=C(O*)C=C2)C=C1,1.1462518466,0.007648819223636,10,0.5311759908882971,0.208480101447116,14.0,1.146128035678238
Perm225,Uncategorised,CC(C)(C1=CC=C(C=C1)C(=O)C1=CC=C(*)C=C1)C1=CC=C(C=C1)C(=O)C1=CC=C(OC2=CC=C(C=C2)C(C2=CC=C(O*)C=C2)(C(F)(F)F)C(F)(F)F)C=C1,1.1627014925,0.0083431343490969,10,0.5061079794619153,0.2350117459875131,22.8,1.3579348470004537
Perm226,Polysulfones,CC(C)(C1=CC=C(O*)C=C1)C1=CC(=CC=C1)C(C)(C)C1=CC=C(OC2=CC=C(C=C2)S(=O)(=O)C2=CC=C(*)C=C2)C=C1,1.111742546,0.0070944818377447,10,0.550822735532478,0.2039150084857697,10.6,1.0253058652647702
Perm227,Polysulfones,CC(C)(C1=CC=C(O*)C=C1)C1=CC=C(C=C1)C(C)(C)C1=CC=C(OC2=CC=C(C=C2)S(=O)(=O)C2=CC=C(*)C=C2)C=C1,1.0942543519,0.0079222820366169,10,0.5501938223907736,0.2173324200985203,36.0,1.5563025007672873
Perm228,Polycarbonates,CC(C)(C1=CC=C(O*)C=C1)C1=CC=C(OC(*)=O)C=C1,1.1034996661999998,0.0072595901293491,10,0.5506457656063612,0.210071355896618,13.0,1.1139433523068367
Perm236,Poly(aryl ethers) and Poly(aryl ether ketones),CC(C)(C1=CC=C(O*)C=C1)C1=CC=C(OC2=CC=C(C=C2)C(=O)C2=CC=C(*)C=C2)C=C1,1.0964141053,0.0071914033034321,10,0.5562269608054993,0.2071883887521104,11.0,1.0413926851582251
Perm237,Poly(aryl ethers) and Poly(aryl ether ketones),CC(C)(C1=CC=C(O*)C=C1)C1=CC=C(OC2=CC=C(C=C2)C(=O)C2=CC=C(C=C2)C(=O)C2=CC=C(*)C=C2)C=C1,1.1133915669,0.0069377917392114,10,0.5511811388320172,0.202215438647122,9.07,0.9576072870600952
Perm238,Uncategorised,CC(C)(C1=CC=C(O*)C=C1)C1=CC=C(OC2=CC=C(C=C2)C(=O)C2=CC=C(C=C2)C(C)(C)C2=CC=C(C=C2)C(=O)C2=CC=C(*)C=C2)C=C1,1.0646093057,0.0069672447233172,10,0.5641833341433801,0.2191747240551366,12.4,1.0934216851622351
Perm240,Polysulfones,CC(C)(C1=CC=C(O*)C=C1)C1=CC=C(OC2=CC=C(C=C2)S(=O)(=O)C2=CC=C(*)C=C2)C=C1,1.1493792687,0.0074688446735735,10,0.5311433550176778,0.2063692907453921,14.0,1.146128035678238
Perm246,Polyimides and Polypyrrolones,CC(C)(C1=CC=C(OC2=CC=C(*)C=C2)C=C1)C1=CC=C(OC2=CC=C(C=C2)N2C(=O)C3=CC=C(C=C3C2=O)C(=O)C2=CC3=C(C=C2)C(=O)N(*)C3=O)C=C1,1.166281977,0.0075490221001849,10,0.5176328697000124,0.2151823473759119,8.9,0.9493900066449128
Perm248,Polyimides and Polypyrrolones,CC(C)(C1=CC=C(OC2=CC=C(*)C=C2)C=C1)C1=CC=C(OC2=CC=C(C=C2)N2C(=O)C3=CC=C(OC4=CC5=C(C=C4)C(=O)N(*)C5=O)C=C3C2=O)C=C1,1.1604840739000002,0.0075406508386265,10,0.5171810119285087,0.2197655740335234,8.0,0.9030899869919435
Perm249,Polysulfones,CC(C)(C1=CC=C(OC2=CC=C(C=C2)S(=O)(=O)C2=CC=C(*)C=C2)C=C1)C1=CC=CC(O*)=C1,1.1560508850000002,0.0079018985409853,10,0.5311150705964744,0.2018051383801405,8.0,0.9030899869919435
Perm258,Polymers with High Free Volume,CC(C)C12C3=CC4=C(C=C3C(C(C)C)(C3=C1C=CC=C3)C1=C2C=C2C(=O)N(C(=O)C2=C1)C1=C2C=CC=CC2=C(C=C1C)C1=CC(C)=C(*)C2=C1C=CC=C2)C(=O)N(*)C4=O,0.68188367212,0.0055340568229808,10,0.5313181736932308,0.5290136564553581,2173.5,3.3371596445268557
Perm259,Poly(aryl ethers) and Poly(aryl ether ketones),CC(C)C1=C(O*)C=CC(=C1)C(C1C=CC=CC1C(O)=O)C1=CC(C(C)C)=C(OC2=CC=C(C=C2)C(=O)C2=CC=C(*)C=C2)C=C1,1.01405140663,0.0087863909674712,10,0.5657706260983395,0.2541633510075559,49.7,1.6963563887333322
Perm260,Polysulfones,CC(C)C1=CC(=C(C)C=C1O*)C1(OC(=O)C2=C1C=CC=C2)C1=CC(C(C)C)=C(OC2=CC=C(C=C2)S(=O)(=O)C2=CC=C(*)C=C2)C=C1C,0.99730941624,0.0113423329326394,10,0.5377449645353973,0.3028124483331644,30.6,1.4857214264815801
Perm261,Poly(aryl ethers) and Poly(aryl ether ketones),CC(C)C1=CC(=C(C)C=C1O*)C1(OC(=O)C2C=CC=CC12)C1=C(C)C=C(OC2=CC=C(C=C2)C(=O)C2=CC=C(*)C=C2)C(=C1)C(C)C,0.98488316308,0.0080725154768097,10,0.5531768691256793,0.2917410400106526,42.5,1.6283889300503116
Perm262,Polysulfones,CC(C)C1=CC(C(C2=CC(C(C)C)=C(OC3=CC=C(C=C3)S(=O)(=O)C3=CC=C(*)C=C3)C=C2C)C2=C(C=CC=C2)C(O)=O)=C(C)C=C1O*,1.02504233226,0.0079373267373547,10,0.5498902804663414,0.2672409397507788,49.6,1.6954816764901974
Perm267,Vinyl and Vinylidene Polymers,CC(C)CC(C)OC(=O)C(*)C(*)C(=O)OC(C)(C)C,0.8642089945299999,0.0098542789170926,10,0.6069854871564943,0.3180689871852391,169.0,2.2278867046136734
Perm268,Vinyl and Vinylidene Polymers,CC(C)CC(C)OC(=O)C(*)C(*)C(=O)OC(C)C,0.92408678194,0.0104122143875731,10,0.6011160229357561,0.2778716174305436,156.0,2.1931245983544616
Perm271,Vinyl and Vinylidene Polymers,CC(C)OC(=O)C(*)C(*)C(=O)OC(C)(C)C,0.89958245388,0.0093598092301762,10,0.5847381088707425,0.3161738142883789,133.0,2.123851640967086
Perm272,Vinyl and Vinylidene Polymers,CC(C)OC(=O)C(*)C(*)C(=O)OC1CCCCC1,0.93563025513,0.0109660287331742,10,0.5779215838049457,0.2970628054292784,41.0,1.6127838567197355
Perm279,Various Polymers,CC(C*)C(=O)OCCOC(=O)C(C)C*,1.02834669028,0.0080779217961411,10,0.5784367331275768,0.2267164499374448,15.0,1.1760912590556813
Perm280,Thermally Rearranged Polymers,CC(C*)O*,0.9598891319,0.0088443996365539,10,0.6259876893908378,0.2188575863257043,42.0,1.6232492903979006
Perm286,Substituted Polyacetylenes,CC1(C)C2=CC(=CC=C2C2=C1C=C(Br)C=C2)C(*)=C(*)C1=CC=CC=C1,0.85728922148,0.0115355539229361,10,0.4899991295949387,0.4539077359627805,3700.0,3.568201724066995
Perm289,Substituted Polyacetylenes,CC1(C)C2=CC(=CC=C2C2=C1C=CC=C2)C(*)=C(*)C1=CC=CC=C1,0.7648024322599999,0.0100121478800371,10,0.5799100823102201,0.423428366124161,8100.0,3.90848501887865
Perm290,Substituted Polyacetylenes,CC1(C)C2=CC=C(C=C2C(C)(C)C1(C)C)C(*)=C(*)C1=CC=CC=C1,0.80246585037,0.008808456620982,10,0.6208076635986054,0.3523699654083719,23650.0,4.37383114507383
Perm291,Substituted Polyacetylenes,CC1(C)CC(C)(C)C2=CC(=CC=C12)C(*)=C(*)C1=CC(F)=C(F)C=C1,0.8283197494,0.0106402601475036,10,0.5615272702945875,0.3953386338448176,36800.0,4.565847818673518
Perm292,Substituted Polyacetylenes,CC1(C)CC(C)(C)C2=CC(=CC=C12)C(*)=C(*)C1=CC(F)=CC(F)=C1,0.8530128270299999,0.0110816086659901,10,0.5606460860510447,0.3782902063265819,28500.0,4.45484486000851
Perm293,Substituted Polyacetylenes,CC1(C)CC(C)(C)C2=CC(=CC=C12)C(*)=C(*)C1=CC(F)=CC=C1,0.79323915645,0.0100322244867773,10,0.5847127207550954,0.3970378670094368,27000.0,4.431363764158987
Perm294,Substituted Polyacetylenes,CC1(C)CC(C)(C)C2=CC(=CC=C12)C(*)=C(*)C1=CC=C(Br)C=C1,0.95583915803,0.0126763886787602,10,0.508939172584625,0.3675968127246953,20700.0,4.315970345456917
Perm295,Substituted Polyacetylenes,CC1(C)CC(C)(C)C2=CC(=CC=C12)C(*)=C(*)C1=CC=C(Cl)C=C1,0.8293921398299999,0.0090897163644667,10,0.5677690970564043,0.3878258057619544,20600.0,4.313867220369153
Perm296,Substituted Polyacetylenes,CC1(C)CC(C)(C)C2=CC(=CC=C12)C(*)=C(*)C1=CC=C(F)C=C1,0.85833386505,0.0097050761684456,10,0.5842706459576323,0.3480509336859029,33300.0,4.52244423350632
Perm297,Substituted Polyacetylenes,CC1(C)CC(C)(C)C2=CC(=CC=C12)C(*)=C(*)C1=CC=CC=C1,0.77685996407,0.0095685659373342,10,0.6120051235597249,0.381925038210957,24800.0,4.394451680826216
Perm320,Polyimides_NEW,CC1(C)CC2(CC(C)(C)C3=C2C=C(O)C(=C3)N2C(=O)C3C(C2=O)C2(Br)C4C(C(=O)N(*)C4=O)C3(Br)C(Br)=C2Br)C2=C1C=C(*)C(O)=C2,1.2000342327,0.0099696080729017,10,0.3862751392537288,0.3973935925509356,274.0,2.437750562820388
Perm321,Polyimides_NEW,CC1(C)CC2(CC(C)(C)C3=C2C=C(O)C(=C3)N2C(=O)C3C=CC(=CC3C2=O)C(C2=CC=C3C(=O)N(*)C(=O)C3=C2)(C(F)(F)F)C(F)(F)F)C2=C1C=C(*)C(O)=C2,1.0969323022000002,0.0093715619747671,10,0.4822216656955001,0.312346121501291,181.0,2.2576785748691846
Perm328,Polymers with High Free Volume,CC1(C)CC2(CC(C)(C)C3=C2C=C2C(=O)N(C(=O)C2=C3)C2=CC3=C(C=C2)C(C)(C)CC32CC(C)(C)C3=C2C=C(*)C=C3)C2=CC3=C(C=C12)C(=O)N(*)C3=O,0.9501668299,0.0080504809380896,10,0.54962510576198,0.3210937923120934,624.0,2.795184589682424
Perm344,Substituted Polyacetylenes,CC1(C)CCC(C)(C)C2=CC(=CC=C12)C(*)=C(*)C1=CC=CC=C1,0.8078241362199999,0.0095191175791261,10,0.6155962800210725,0.3535184068812514,7700.0,3.886490725172482
Perm354,Polyimides_NEW,CC1=C(*)C=CC2=C1N1CN(C2)C2=C(C)C(=CC=C2C1)N1C(=O)C2=C(C=C(C=C2)C(C2=CC3=C(C=C2)C(=O)N(*)C3=O)(C(F)(F)F)C(F)(F)F)C1=O,1.1161691132,0.0077264039495069,10,0.4662351306324187,0.3234835720091251,322.0,2.507855871695831
Perm356,Polyimides and Polypyrrolones,CC1=C(C)C(N2C(=O)C3=C(C=C(C=C3)C(=O)C3=CC=C4C(=O)N(*)C(=O)C4=C3)C2=O)=C(C)C(C)=C1*,1.01440574932,0.0068921515696815,10,0.5120996461921891,0.3246801270812771,108.0,2.03342375548695
Perm357,Polyimides and Polypyrrolones,CC1=C(C)C(N2C(=O)C3=C(C=C(C=C3)C(C3=CC=C4C(=O)N(*)C(=O)C4=C3)(C(F)(F)F)C(F)(F)F)C2=O)=C(C)C(C)=C1*,1.0634967600999998,0.0088714191970229,10,0.4660791015844259,0.3556243011690376,434.0,2.637489729512511
Perm358,Polyimides and Polypyrrolones,CC1=C(C)C(N2C(=O)C3=C(C=C(OC4=C(OC5=CC=C6C(=O)N(*)C(=O)C6=C5)C=CC(=C4)C(C)(C)C)C=C3)C2=O)=C(C)C(*)=C1,1.0382496966,0.0131912968740563,10,0.5287002409387013,0.2864002758289603,85.0,1.9294189257142926
Perm359,Polyimides and Polypyrrolones,CC1=C(C)C(N2C(=O)C3=C(C=C(OC4=C(OC5=CC=C6C(=O)N(*)C(=O)C6=C5)C=CC(=C4)C(C)(C)C)C=C3)C2=O)=C(C)C(C)=C1*,1.038714677,0.0085205313954149,10,0.5326597796538713,0.2807340097337192,91.0,1.9590413923210936
Perm360,Polyimides and Polypyrrolones,CC1=C(C)C(N2C(=O)C3=C(C=C(OC4=CC(C)=C(OC5=CC=C6C(=O)N(*)C(=O)C6=C5)C(C)=C4C)C=C3)C2=O)=C(C)C(*)=C1,1.0273707982,0.0073891365604342,10,0.5233687401337304,0.3009981116046454,130.0,2.113943352306837
Perm361,Polymers with High Free Volume,CC1=C(C)C(N2C(=O)C3=CC4=C(C=C3C2=O)C2(CC(C)(C)C3=CC5=C(C=C23)C(=O)N(*)C5=O)CC4(C)C)=C(C)C(C)=C1*,0.8933677371100001,0.0089141503768702,10,0.5442920918745461,0.367871107221719,1915.0,3.2821687783046416
Perm364,Polyimides and Polypyrrolones,CC1=C(C)C(N2C(=O)C3=CC=C(C=C3C2=O)C(C2=CC3C(C=C2)C(=O)N(*)C3=O)(C(F)(F)F)C(F)(F)F)=C(C)C(C)=C1*,1.0398481437,0.0082545986790426,10,0.4713673555051742,0.3628043894903165,549.0,2.739572344450092
Perm371,Polysulfones,CC1=C(O*)C=CC(=C1)C(C)(C)C1=CC(C)=C(OC2=CC=C(C=C2)S(=O)(=O)C2=CC=C(*)C=C2)C=C1,1.0908314364,0.0076491985561774,10,0.5425649624821581,0.2305990074258579,11.0,1.0413926851582251
Perm372,Polyimides and Polypyrrolones,CC1=C(OC2=CC=C3C(=O)N(*)C(=O)C3=C2)C(C)=C(C)C(OC2=CC3=C(C=C2)C(=O)N(C3=O)C2=C(C)C(C)=C(*)C(C)=C2C)=C1,0.97930547061,0.0084362536863864,10,0.528052866186092,0.3277374211844708,230.0,2.361727836017593
Perm373,Polyimides and Polypyrrolones,CC1=C(OC2=CC=C3C(=O)N(*)C(=O)C3=C2)C(C)=C(C)C(OC2=CC3=C(C=C2)C(=O)N(C3=O)C2=CC=C(C=C2)C(C2=CC=C(*)C=C2)(C(F)(F)F)C(F)(F)F)=C1,1.1682986884,0.0071490490784335,10,0.4758697879920767,0.2772545360915719,77.0,1.8864907251724818
Perm374,Polyimides and Polypyrrolones,CC1=C2C(=CC(*)=C1)S(=O)(=O)C1=CC(=CC(C)=C21)N1C(=O)C2=CC=C(C=C2C1=O)C1=CC=C2C(=O)N(*)C(=O)C2=C1,1.1380765148,0.0062258283188212,10,0.4803606679218859,0.2893066467657978,28.2,1.4502491083193612
Perm379,Polyimides and Polypyrrolones,CC1=CC(*)=C(C)C=C1N1C(=O)C2=CC=C(C=C2C1=O)C(C1=CC2C(C=C1)C(=O)N(*)C2=O)(C(F)(F)F)C(F)(F)F,1.1332879750000002,0.008985208681929,10,0.4565535388360747,0.3273713738413951,119.0,2.0755469613925306
Perm381,Poly(aryl ethers) and Poly(aryl ether ketones),CC1=CC(*)=CC(C)=C1O*,0.92853372321,0.0078101354681423,10,0.5752393156499007,0.3056321654536728,68.65,1.836640541572774
Perm382,Polyimides_NEW,CC1=CC(*)=CC=C1OC1=C(C2=C(C=CC=C2)C=C1)C1=C(OC2=C(C)C=C(C=C2)N2C(=O)C3=C(C=C(C=C3)C(C3=CC4=C(C=C3)C(=O)N(*)C4=O)(C(F)(F)F)C(F)(F)F)C2=O)C=CC2=C1C=CC=C2,1.1725095511,0.0099073346848421,10,0.4853867289276394,0.2601432516617028,26.2,1.4183012913197455
Perm384,Polysulfones,CC1=CC(=C(C)C(C)=C1OC1=CC=C(C=C1)S(=O)(=O)C1=CC=C(*)C=C1)C1=CC(C)=C(O*)C(C)=C1C,1.0028439669699998,0.00783364189051,10,0.5468262001647571,0.2871042374387368,63.0,1.7993405494535817
Perm385,Polyimides and Polypyrrolones,CC1=CC(=C(C)C=C1C1=C(C)C(*)=CC=C1)C1=C(C)C(*)=CC=C1,0.76662862847,0.0089185543991021,10,0.5989762628528207,0.4030499438599726,210.0,2.322219294733919
Perm386,Polyimides and Polypyrrolones,CC1=CC(=C(C)C=C1C1=C(C)C=C(*)C=C1)C1=C(C)C=C(*)C=C1,0.65251563269,0.0068190587330201,10,0.5996650330934861,0.4913219489876144,72.0,1.8573324964312685
Perm387,Polyimides and Polypyrrolones,CC1=CC(=C(C)C=C1C1=C(C)C=CC(*)=C1)C1=C(C)C=CC(*)=C1,0.82216121131,0.0084482381628903,10,0.5994230327386577,0.3593309233114128,100.0,2.0
Perm388,Polyimides and Polypyrrolones,CC1=CC(=C(C)C=C1C1=CC(C)=C(*)C=C1)C1=CC(C)=C(*)C=C1,0.79346782163,0.0045682535885235,10,0.5824627001785883,0.3991849671411381,51.0,1.7075701760979363
Perm389,Polysulfones,CC1=CC(=C(C)C=C1O*)C1(OC(=O)C2=C1C=CC=C2)C1=CC(C)=C(OC2=CC=C(C=C2)S(=O)(=O)C2=CC=C(*)C=C2)C=C1C,1.0260123097,0.0082563224518925,10,0.5245897648144557,0.3002937768850625,16.9,1.2278867046136734
Perm390,Poly(aryl ethers) and Poly(aryl ether ketones),CC1=CC(=C(C)C=C1O*)C1(OC(=O)C2C=CC=CC12)C1=C(C)C=C(OC2=CC=C(C=C2)C(=O)C2=CC=C(*)C=C2)C(C)=C1,1.0420145646,0.008912166495839,10,0.547990174634941,0.2576821338045021,21.5,1.3324384599156054
Perm391,Polyimides_NEW,CC1=CC(=C2C=CC=CC2=C1*)C1=C2C=CC=CC2=C(N2C(=O)C3=C(C=C4C(=C3)C3(C)CCC4(C)C4=C3C=C3C(=O)N(*)C(=O)C3=C4)C2=O)C(C)=C1,0.80217913311,0.0072784996378919,10,0.525895167224066,0.4515792318442982,3291.0,3.5173278822943734
Perm393,Poly(aryl ethers) and Poly(aryl ether ketones),CC1=CC(=CC(C)=C1)C1=CC(O*)=CC=C1OC1=CC=C(C=C1)C(=O)C1=CC=C(*)C=C1,1.087292963,0.007077722320945,10,0.550241454140197,0.2222442406512196,4.6,0.6627578316815741
Perm394,Poly(aryl ethers) and Poly(aryl ether ketones),CC1=CC(=CC(C)=C1)C1=CC(O*)=CC=C1OC1=CC=CC(*)=C1C#N,1.0524571968,0.0067264917377,10,0.54864161167792,0.2493516435233087,9.6,0.9822712330395684
Perm397,Polysulfones,CC1=CC(=CC(C)=C1*)C(C)(C)C1=CC(C)=C(OC2=CC=C(C=C2)S(=O)(=O)C2=CC=C(O*)C=C2)C(C)=C1,1.0332388933000003,0.0086307678465236,10,0.552151118362911,0.2583447863868529,15.5,1.1903316981702914
Perm399,Polysulfones,CC1=CC(=CC(C)=C1*)C(C1=CC(C)=C(OC2=CC=C(C=C2)S(=O)(=O)C2=CC=C(O*)C=C2)C(C)=C1)(C(F)(F)F)C(F)(F)F,1.1262033578,0.0091232590945783,10,0.4832836736229374,0.2924415951947071,70.65,1.8491121661845775
Perm400,Polyimides and Polypyrrolones,CC1=CC(=CC(C)=C1*)C1=CC(C)=C(C=C1C)C1=CC(C)=C(*)C(C)=C1,0.7496451902800001,0.0045733432841087,10,0.5942460533583755,0.4208841955341279,350.0,2.5440680443502757
Perm402,Polyimides and Polypyrrolones,CC1=CC(=CC(C)=C1*)C1=CC(C)=C(N2C(=O)C3=C(C=C(OC4=CC(=C(OC5=CC=C6C(=O)N(*)C(=O)C6=C5)C=C4C(C)(C)C)C(C)(C)C)C=C3)C2=O)C(C)=C1,0.96399962118,0.0074762278225023,10,0.5505252452875777,0.3100820337205729,150.0,2.1760912590556813
Perm403,Polyimides and Polypyrrolones,CC1=CC(=CC(C)=C1*)C1=CC(C)=C(N2C(=O)C3=C(C=C(OC4=CC(C)=C(OC5=CC=C6C(=O)N(*)C(=O)C6=C5)C(C)=C4C)C=C3)C2=O)C(C)=C1,0.9797911865,0.0072105324908238,10,0.5331049028135187,0.3209690691663879,55.0,1.7403626894942439
Perm404,Polyimides and Polypyrrolones,CC1=CC(=CC(C)=C1*)C1=CC(C)=C(N2C(=O)C3=CC4=C(C=C3C2=O)S(=O)(=O)C2=CC3=C(C=C2S4(=O)=O)C(=O)N(*)C3=O)C(C)=C1,0.95153970238,0.0091841346353905,10,0.4744550557065526,0.4130983307503908,58.0,1.7634279935629373
Perm405,Polyimides and Polypyrrolones,CC1=CC(=CC(C)=C1*)C1=CC(C)=C(N2C(=O)C3=CC=C(C=C3C2=O)C(=O)OC2=CC=C(C=C2)C(C2=CC=C(OC(=O)C3=CC4=C(C=C3)C(=O)N(*)C4=O)C=C2)(C(F)(F)F)C(F)(F)F)C(C)=C1,1.1114417192,0.0078087715984031,10,0.4850337213848043,0.2991872728843292,38.0,1.5797835966168101
Perm410,Polysulfones,CC1=CC(=CC(C)=C1O*)C(C)(C)C1=CC(=CC=C1)C(C)(C)C1=CC(C)=C(OC2=CC=C(C=C2)S(=O)(=O)C2=CC=C(*)C=C2)C(C)=C1,1.0090171893900002,0.0081218975651188,10,0.5657938932979087,0.2578355068136739,20.0,1.3010299956639813
Perm411,Polycarbonates,CC1=CC(=CC(C)=C1O*)C(C)(C)C1=CC(C)=C(OC(*)=O)C(C)=C1,0.94739811349,0.007671884496586,10,0.5803942143556041,0.2851763011106869,32.0,1.505149978319906
Perm412,Polyarylates,CC1=CC(=CC(C)=C1O*)C(C)(C)C1=CC(C)=C(OC(=O)C2=CC(=CC(=C2)C(*)=O)C(C)(C)C)C(C)=C1,0.92289482773,0.007858588101614,10,0.5855426788765415,0.2974873973245729,96.0,1.9822712330395684
Perm415,Poly(aryl ethers) and Poly(aryl ether ketones),CC1=CC(=CC(C)=C1O*)C(C)(C)C1=CC(C)=C(OC2=CC=C(C=C2)C(=O)C2=CC=C(*)C=C2)C(C)=C1,0.99334129262,0.0084915602263482,10,0.5759159095340554,0.2562946297779239,52.0,1.7160033436347992
Perm418,Polycarbonates,CC1=CC(=CC(C)=C1O*)C(C1=CC(C)=C(OC(*)=O)C(C)=C1)(C(F)(F)F)C(F)(F)F,1.0712365076,0.009316492585283,10,0.4726205848435496,0.3418250478540243,126.0,2.100370545117563
Perm421,Polysulfones,CC1=CC(=CC(C)=C1O*)C1=CC(C)=C(OC2=CC=C(C=C2)S(=O)(=O)C2=CC=C(*)C=C2)C(C)=C1,1.0501997075,0.0077786067098472,10,0.5365318454249653,0.267494736731346,11.05,1.0433622780211296
Perm422,Polyimides and Polypyrrolones,CC1=CC(=CC(OC2=CC3=C(C=C2)C(=O)N(C3=O)C2=C(C)C(C)=C(*)C(C)=C2C)=C1OC1=CC=C2C(=O)N(*)C(=O)C2=C1)C(C)(C)C,0.98653589054,0.0081494079563005,10,0.5360126804651281,0.3125655288175831,110.0,2.041392685158225
Perm424,Poly(aryl ethers) and Poly(aryl ether ketones),CC1=CC(=CC=C1)C1=CC(O*)=CC=C1OC1=CC=C(C=C1)C(=O)C1=CC=C(*)C=C1,1.0962312116,0.0070432262562565,10,0.5443365469697998,0.2242656738762769,3.8,0.5797835966168101
Perm425,Poly(aryl ethers) and Poly(aryl ether ketones),CC1=CC(=CC=C1)C1=CC(O*)=CC=C1OC1=CC=CC(*)=C1C#N,1.0403546681,0.0074255230080443,10,0.5409562178374727,0.2683777755955842,6.8,0.8325089127062363
Perm430,Polysulfones,CC1=CC(=CC=C1O*)C1(OC(=O)C2=C1C=CC=C2)C1=CC(C)=C(OC2=CC=C(C=C2)S(=O)(=O)C2=CC=C(*)C=C2)C=C1,1.1111301035,0.0078846403527776,10,0.5160290571214149,0.2546119544571772,10.8,1.0334237554869496
Perm431,Poly(aryl ethers) and Poly(aryl ether ketones),CC1=CC(=CC=C1O*)C1(OC(=O)C2C=CC=CC12)C1=CC=C(OC2=CC=C(C=C2)C(=O)C2=CC=C(*)C=C2)C(C)=C1,1.0739597565,0.0074177245739912,10,0.5387671206389999,0.2478015326008334,10.3,1.0128372247051722
Perm433,Polyimides and Polypyrrolones,CC1=CC(C)=C(*)C(C)=C1N1C(=O)C2=CC=C(C=C2C1=O)C(C1=CC2C(C=C1)C(=O)N(*)C2=O)(C(F)(F)F)C(F)(F)F,1.01236402038,0.0105806488149352,10,0.465801437683874,0.38697119900184,496.0,2.6954816764901977
Perm434,Polyimides and Polypyrrolones,CC1=CC(C)=C(*)C(C)=C1N1C(=O)C2=CC=C(C=C2C1=O)C1=CC2=C(C=C1)C(=O)N(*)C2=O,1.0082299,0.0071979344166071,10,0.5114728974675844,0.3296130512536113,210.0,2.322219294733919
Perm435,Polyimides and Polypyrrolones,CC1=CC(C)=C(N2C(=O)C3=C(C=C(C=C3)C(=O)C3=CC=C4C(=O)N(*)C(=O)C4=C3)C2=O)C(C)=C1*,1.0668849802,0.00782495002704,10,0.5054202666578296,0.2990071214583075,46.4,1.6665179805548809
Perm436,Polyimides_NEW,CC1=CC(C)=C(N2C(=O)C3=C(C=C(C=C3)C(C3=CC4=C(C=C3)C(=O)N(*)C4=O)(C(F)(F)F)C(F)(F)F)C2=O)C(C)=C1*,1.0407024962,0.0087130868188557,10,0.4599669979479253,0.377704556185766,461.5,2.6641717053619307
Perm437,Polyimides and Polypyrrolones,CC1=CC(C)=C(N2C(=O)C3=C(C=C(C=C3)C(C3=CC=C4C(=O)N(*)C(=O)C4=C3)(C(F)(F)F)C(F)(F)F)C2=O)C(C)=C1*,1.0524659185999998,0.008886713591482,10,0.4601178636835135,0.3704641189142799,344.0,2.53655844257153
Perm438,Polyimides and Polypyrrolones,CC1=CC(C)=C(N2C(=O)C3=C(C=C(C=C3)S(=O)(=O)C3=CC=C4C(=O)N(*)C(=O)C4=C3)C2=O)C(C)=C1*,1.1128910151,0.0078399957605643,10,0.4862592934862507,0.296500321651361,47.1,1.6730209071288962
Perm439,Polyimides and Polypyrrolones,CC1=CC(C)=C(N2C(=O)C3=C(C=C(OC4=CC=C(OC5=CC=C6C(=O)N(*)C(=O)C6=C5)C=C4)C=C3)C2=O)C(C)=C1*,1.1005076417,0.0074158684327854,10,0.5084849702004103,0.2725309259863072,40.0,1.6020599913279623
Perm440,Polyimides and Polypyrrolones,CC1=CC(C)=C(N2C(=O)C3=C(C=C(SC4=CC=C5C(=O)N(*)C(=O)C5=C4)C=C3)C2=O)C(C)=C1*,1.1157014353,0.0082675459214319,10,0.4988458175729514,0.2764681069425929,68.6,1.8363241157067516
Perm442,Polyimides and Polypyrrolones,CC1=CC(C)=C(N2C(=O)C3=CC=C(C=C3C2=O)C(=O)C2=CC3C(C=C2)C(=O)N(*)C3=O)C(C)=C1*,0.95837918506,0.0086243013918923,10,0.5121497744169453,0.3619162115353127,70.0,1.845098040014257
Perm445,Polyimides and Polypyrrolones,CC1=CC(C)=C(N2C(=O)C3=CC=C(C=C3C2=O)C2=CC3C(C=C2)C(=O)N(*)C3=O)C(C)=C1*,1.0513815387999998,0.0089229620934999,10,0.51819334556161,0.2917354078317686,202.0,2.305351369446624
Perm446,Parylenes,CC1=CC(C*)=CC=C1C*,0.9616490990500002,0.0073780983903163,10,0.6268620724007414,0.2163322487013743,0.994,-0.00261361560268669
Perm448,Polymers with High Free Volume,CC1=CC(C2=CC(C)=C(*)C3=C2C=CC=C3)=C2C=CC=CC2=C1N1C(=O)C2=CC3=C(C=C2C1=O)C1(C)C2=CC4=C(C=C2C3(C)C2=C1C=CC=C2)C(=O)N(*)C4=O,0.8600038932699999,0.008275013581908,10,0.5232769313610588,0.4149737423024441,2740.0,3.437750562820388
Perm449,Polymers with High Free Volume,CC1=CC(C2=CC(C)=C(*)C3=C2C=CC=C3)=C2C=CC=CC2=C1N1C(=O)C2=CC3=C(C=C2C1=O)C1(CC(C)(C)C2=CC4=C(C=C12)C(=O)N(*)C4=O)CC3(C)C,0.81157042871,0.00758159697428,10,0.537618526407148,0.4327901126537061,1615.0,3.2081725266671217
Perm451,Polymers with High Free Volume,CC1=CC(C2=CC(C)=C(N3C(=O)C4=CC5=C(C=C4C3=O)C3(C)CCC5(C)C4=CC5=C(C=C34)C(=O)N(*)C5=O)C3=C2C=CC=C3)=C2C=CC=CC2=C1*,0.8601317012399999,0.0064768543338348,10,0.5258313544228435,0.4120305173214301,3545.0,3.5496162395190853
Perm457,Polysulfones,CC1=CC(CC2=CC(C)=C(OC3=CC=C(C=C3)S(=O)(=O)C3=CC=C(O*)C=C3)C(C)=C2)=CC(C)=C1*,1.0463788172,0.0071715577786403,10,0.5425457825780822,0.2619790614738274,34.5,1.5378190950732742
Perm458,Polyimides and Polypyrrolones,CC1=CC(OC2=CC3=C(C=C2)C(=O)N(C3=O)C2=C(C)C(*)=CC(C)=C2C)=C(OC2=CC=C3C(=O)N(*)C(=O)C3=C2)C=C1,1.0993017851,0.0081066986127724,10,0.5125511322171028,0.2675171130183265,41.0,1.6127838567197355
Perm459,Polyimides and Polypyrrolones,CC1=CC(OC2=CC3=C(C=C2)C(=O)N(C3=O)C2=C(C)C(C)=C(*)C(C)=C2C)=C(OC2=CC=C3C(=O)N(*)C(=O)C3=C2)C=C1,1.0905227105,0.0088578721091186,10,0.5182047252832259,0.2653517719072972,41.0,1.6127838567197355
Perm460,Polyimides_NEW,CC1=CC(OC2=CC=C(C=C2)C2(C3=C(C=CC=C3)C3=C2C=CC=C3)C2=CC=C(OC3=CC=C(N4C(=O)C5=C(C=C(C=C5)C(C5=CC=C6C(=O)N(*)C(=O)C6=C5)(C(F)(F)F)C(F)(F)F)C4=O)C(C)=C3)C=C2)=CC=C1*,1.0826471274,0.007450524187235,10,0.4916679357805826,0.3080062582002039,47.29,1.6747693140154263
Perm462,Polyimides_NEW,CC1=CC2=C(C3C4=C(C=CC=C4)C2C2=C3C(C)=C(N3C(=O)C4=C(C=C(C=C4)C(C4=CC=C5C(=O)N(*)C(=O)C5=C4)(C(F)(F)F)C(F)(F)F)C3=O)C(C)=C2)C(C)=C1*,1.02077111916,0.0087329482114047,10,0.4800741914951562,0.3629403693479545,1400.0,3.146128035678238
Perm464,Polyimides_NEW,CC1=CC2=C(C3C4=C(C=CC=C4)C2C2=C3C(C)=C(N3C(=O)C4=CC=C5C(=O)N(*)C(=O)C6=C5C4=C(C=C6)C3=O)C(C)=C2)C(C)=C1*,0.88638410105,0.0089876063020718,10,0.5159087350650318,0.4055187095392009,1484.0,3.171433900943008
Perm465,Polyimides_NEW,CC1=CC2=C(C3C4=C(C=CC=C4)C2C2=C3C(C)=C(N3C(=O)C4C(C5C=CC4C4C5C(=O)N(*)C4=O)C3=O)C(C)=C2)C(C)=C1*,0.84238474461,0.0077685696715325,10,0.5261478073383847,0.4238154477945862,1596.0,3.2030328870147105
Perm467,Polyimides and Polypyrrolones,CC1=CC2=C(C=C1*)S(=O)(=O)C1=CC(N3C(=O)C4=CC=C(C=C4C3=O)C(C3=CC4=C(C=C3)C(=O)N(*)C4=O)(C(F)(F)F)C(F)(F)F)=C(C)C=C21,1.1310920066,0.0083240590392142,10,0.4458062130887227,0.3444778026475482,156.0,2.1931245983544616
Perm469,Polyimides and Polypyrrolones,CC1=CC2=C(C=C1*)S(=O)(=O)C1=CC(N3C(=O)C4=CC=C(C=C4C3=O)S(=O)(=O)C3=CC4=C(C=C3)C(=O)N(*)C4=O)=C(C)C=C21,1.1308942435,0.0078528829706668,10,0.4639902332923175,0.3178589509683449,45.4,1.657055852857104
Perm472,Polyimides and Polypyrrolones,CC1=CC2C(C=C1*)S(=O)(=O)C1=C2C=C(C)C(=C1)N1C(=O)C2=CC=C(C=C2C1=O)C(C1=CC2=C(C=C1)C(=O)N(*)C2=O)(C(F)(F)F)C(F)(F)F,1.0571165166999998,0.0075744038611208,10,0.4498600392160893,0.381779179043771,179.0,2.2528530309798933
Perm473,Polyimides and Polypyrrolones,CC1=CC=C(C)C(OC2=CC=C3C(=O)N(*)C(=O)C3=C2)=C1OC1=CC2=C(C=C1)C(=O)N(C2=O)C1=C(C)C(C)=C(*)C(C)=C1C,1.02732756136,0.0087289552015938,10,0.5234581569951188,0.300908110530266,100.0,2.0
Perm474,Substituted Polyacetylenes,CC1=CC=C(C=C1)C(*)=C(*)C1=CC=C2C(=C1)C(C)(C)CC2(C)C,0.76442575131,0.009715172280138,10,0.6168642478181774,0.3869890090769051,10800.0,4.033423755486949
Perm481,Polyimides and Polypyrrolones,CC1=CC=CC(OC2=CC=C3C(=O)N(*)C(=O)C3=C2)=C1OC1=CC2=C(C=C1)C(=O)N(C2=O)C1=C(C)C(C)=C(*)C(C)=C1C,1.1058319416,0.0075899755799405,10,0.5186290638798331,0.2544284399154458,51.0,1.7075701760979363
Perm487,Vinyl and Vinylidene Polymers,CCC(C)OC(=O)C(*)C(*)C(=O)OC(C)(C)C,0.85445696281,0.010094681576599,10,0.5935372906848139,0.3407023080730711,145.0,2.161368002234975
Perm488,Vinyl and Vinylidene Polymers,CCC(C)OC(=O)C(*)C(*)C(=O)OC(C)C,0.91968309721,0.0113878197827028,10,0.5854926936923263,0.2999919458925801,51.0,1.7075701760979363
Perm491,Parylenes,CCC1=CC(C*)=CC=C1C*,0.95283567098,0.0072432405323413,10,0.63663084438847,0.2114140488867127,4.31,0.6344772701607315
Perm500,Vinyl and Vinylidene Polymers,CCCCCCCCCCCCCCOC(=O)C(*)C*,0.86976734114,0.0074135024528718,10,0.6681147643790922,0.2445642771525052,96.2,1.983175072037813
Perm501,Vinyl and Vinylidene Polymers,CCCCCCCCCCOC(=O)C(*)C*,0.87637121388,0.0096119819934908,10,0.6543403185020865,0.2545214750188107,92.7,1.967079734144497
Perm520,Polyimides and Polypyrrolones,CCN1C2C=CC(*)=CC2C2=C1C=CC(=C2)N1C(=O)C2=CC=C(C=C2C1=O)C(C1=CC2=C(C=C1)C(=O)N(*)C2=O)(C(F)(F)F)C(F)(F)F,1.1836884486,0.0080368690693563,10,0.4637783904773433,0.2863401394261688,81.3,1.9100905455940682
Perm521,Vinyl and Vinylidene Polymers,CCOC(=O)C(*)C*,0.99755477196,0.008907712376082,10,0.5815451501918244,0.2458399184107358,60.4,1.7810369386211318
Perm522,Vinyl and Vinylidene Polymers,CCOC(=O)C(C)(*)C*,0.8986351462,0.0093235576158975,10,0.596752322854466,0.3028586058384336,21.8,1.3384564936046048
Perm523,Conjugated Polymers (excl. subst. acetylenes/propynes),CCOC1=C(N*)C=CC(*)=C1,1.01078120223,0.0078586716699187,10,0.566173450960323,0.2560392741379017,8.1,0.9084850188786497
Perm524,Cellulosic Polymers,CCOC1C(*)C(COC(=O)NC(C)(C)C)OC(O*)C1OCC,1.00226107538,0.0091024978337791,10,0.5714455499782685,0.2554410791249645,73.0,1.863322860120456
Perm525,Cellulosic Polymers,CCOCC1OC(CO*)C(OCC)C(OCC)C1*,0.98334935462,0.0093596098739193,10,0.5869670212721774,0.2496482659834147,54.4,1.73559889969818
Perm526,Cellulosic Polymers,CCOCC1OC(O*)C(OCC)C(OCC)C1*,0.9433177628,0.0105140328283851,10,0.5795185775580503,0.2893287814919723,68.0,1.8325089127062364
Perm537,Vinyl and Vinylidene Polymers,COC(=O)C(*)C*,1.051444928,0.0090281565968126,10,0.5591781596990963,0.2356714481768144,10.6,1.0253058652647702
Perm538,Vinyl and Vinylidene Polymers,COC(=O)C(C)(*)C*,0.96033132153,0.0073867220303202,10,0.5797927561968766,0.2761689130963121,4.1,0.6127838567197355
Perm540,Conjugated Polymers (excl. subst. acetylenes/propynes),COC1=C(N*)C=CC(*)=C1,1.1161451283,0.0079344616552307,10,0.5477915537730412,0.2051606637120324,6.04,0.7810369386211319
Perm542,Polyimides and Polypyrrolones,COC1=CC(=CC=C1N1C(=O)C2=C(C=C(OC3=C(OC4=CC=C5C(=O)N(*)C(=O)C5=C4)C=CC(=C3)C(C)(C)C)C=C2)C1=O)C1=CC(OC)=C(*)C=C1,1.1014171255,0.0072326967257771,10,0.5200075020399909,0.2554312814240811,22.0,1.3424226808222062
Perm601,Hydrocarbon Elastomers,C\C(C*)=C(\C)C*,0.80871061109,0.0073266070909338,10,0.7007080416040157,0.2633289629223612,17.0,1.2304489213782739
Perm602,Hydrocarbon Elastomers,C\C(C*)=C\C*,0.84241179873,0.0083456383311235,10,0.6995174359296109,0.2339337361222006,49.0,1.6901960800285136
Perm603,Vinyl and Vinylidene Polymers,ClC(*)C*,1.2693787993,0.0077805140362766,10,0.4824241580808622,0.2039073019006021,1.79,0.2528530309798932
Perm604,Hydrocarbon Elastomers,ClC(*)CCCC(*)S(Cl)(=O)=O,1.3780288535,0.0076603029017679,10,0.446057935629663,0.2009150826805822,13.3,1.1238516409670858
Perm606,Polycarbonates,ClC(Cl)=C(C1=CC=C(*)C=C1)C1=CC=C(OC(=O)O*)C=C1,1.26188259,0.0083639570380325,10,0.4721193310930729,0.2255130863985673,11.35,1.0549958615291415
Perm609,Parylenes,ClC1=CC(C*)=CC=C1C*,1.1593204109000002,0.007253174279994,10,0.5286095024027087,0.2033238788095013,0.9315,-0.03081714076773857
Perm613,Hydrocarbon Elastomers,ClCC(C*)O*,1.2721574494,0.0093450091125559,10,0.4951808421962923,0.181067603639767,8.9,0.9493900066449128
Perm614,Hydrocarbon Elastomers,Cl\C(C*)=C\C*,1.1389427706,0.0098473119676663,10,0.5290281086998286,0.216707438197781,20.55,1.312811826212088
Perm615,Vinyl and Vinylidene Polymers,FC(*)C*,1.1911329786000002,0.0087700368827837,10,0.5167082846325394,0.1998912384158506,0.35,-0.4559319556497244
Perm620,Perfluorinated Polymers,FC(F)(*)C1(F)OC(F)(F)C(F)(F)C1(F)C(F)(F)*,1.3227658133999998,0.0114018732859916,10,0.3193058084768488,0.4509231502848095,59.0,1.7708520116421442
Perm625,High Temperature Polymers,FC(F)(F)C(*)(C1=CC=CC=C1)C1=CC=C(C=C1)C1=CC=C(*)C=C1,0.98421188064,0.0080327759706309,10,0.5162770278269343,0.3394362201645904,114.0,2.0569048513364727
Perm626,High Temperature Polymers,FC(F)(F)C(*)(C1=CC=CC=C1)C1=CC=C(C=C1)C1=CC=C(C=C1)C1=CC=C(*)C=C1,1.0713429299999997,0.0082082822569335,10,0.5256708191176317,0.2678741697603216,126.0,2.100370545117563
Perm627,High Temperature Polymers,FC(F)(F)C(*)(C1=CC=CC=C1)C1=CC=C(OC2=CC=C(*)C=C2)C=C1,1.1618397795000002,0.0081070250376973,10,0.5059945022920231,0.2357500967374706,28.0,1.4471580313422192
Perm628,High Temperature Polymers,FC(F)(F)C(*)(C1=CC=CC=C1)C1=CC=C(OC2=CC=C(C=C2)C(=O)C2=CC=C(OC3=CC=C(*)C=C3)C=C2)C=C1,1.1683543258,0.0074978684282882,10,0.5147769030871847,0.2181256319930085,11.0,1.0413926851582251
Perm632,Polycarbonates,FC(F)(F)C(C1=CC(Br)=C(O*)C(Br)=C1)(C1=CC(Br)=C(OC(*)=O)C(Br)=C1)C(F)(F)F,1.7532324376,0.01123210402625,10,0.3035711286911481,0.3081000250777856,10.6,1.0253058652647702
Perm633,Polyimides_NEW,FC(F)(F)C(C1=CC2=C(C=C1)C(=O)N(*)C2=O)(C1=CC2=C(C=C1)C(=O)N(C2=O)C1=CC2=C(C=C1)C1C3=C(C=CC=C3)C2C2=C1C=C(*)C=C2)C(F)(F)F ,1.098556996,0.0072701937338844,10,0.4627326346864213,0.3391603749540355,329.0,2.5171958979499744
Perm634,Polyimides_NEW,FC(F)(F)C(C1=CC2=C(C=C1)C(=O)N(*)C2=O)(C1=CC2=C(C=C1)C(=O)N(C2=O)C1=CC2=CC=C3OC4CC(C3=C2C=C1)C1=C(O4)C=CC2=C1C=CC(*)=C2)C(F)(F)F,1.1846794992999998,0.0088324049454171,10,0.4589350300913417,0.2932018018422067,60.15,1.7792356316758635
Perm635,Polyimides_NEW,FC(F)(F)C(C1=CC2=C(C=C1)C(=O)N(*)C2=O)(C1=CC2=C(C=C1)C(=O)N(C2=O)C1=CC2=CC=C3OC4OC5=CC=C6C=C(*)C=CC6=C5C4C3=C2C=C1)C(F)(F)F,1.210899596,0.0090543210626224,10,0.4548907876003409,0.283924807791813,73.0,1.863322860120456
Perm637,Polyimides_NEW,FC(F)(F)C(C1=CC2=C(C=C1)C(=O)N(*)C2=O)(C1=CC2=C(C=C1)C(=O)N(C2=O)C1=CC=C(OC2=C(C3=C(C=CC=C3)C=C2)C2=C(OC3=CC=C(*)C=C3)C=CC3=C2C=CC=C3)C=C1)C(F)(F)F,1.211169584,0.0081232821915052,10,0.4759270879577693,0.2506430629230142,21.1,1.3242824552976926
Perm638,Polyimides_NEW,FC(F)(F)C(C1=CC2=C(C=C1)C(=O)N(*)C2=O)(C1=CC2=C(C=C1)C(=O)N(C2=O)C1=CC=CC=C1OC1=C(C2=C(C=CC=C2)C=C1)C1=C(OC2=C(*)C=CC=C2)C=CC2=C1C=CC=C2)C(F)(F)F,1.1768405165999998,0.0082828771900064,10,0.4787780030751278,0.2675210417816553,6.86,0.8363241157067517
Perm640,Polyimides and Polypyrrolones,FC(F)(F)C(C1=CC2=C(C=C1)C(=O)N(*)C2=O)(C1=CC=C2C(=O)N(C(=O)C2=C1)C1=CC(*)=CC=C1)C(F)(F)F,1.2657399013,0.0078826868507492,10,0.4387697350579203,0.2780211305106691,27.3,1.436162647040756
Perm642,Polyimides_NEW,FC(F)(F)C(C1=CC2=C(C=C1)C(=O)N(*)C2=O)(C1=CC=C2C(=O)N(C(=O)C2=C1)C1=CC2=C(C=C1)C1C3=C(C=CC=C3)C2C2=C1C=CC(*)=C2)C(F)(F)F,1.134913017,0.0087217369895879,10,0.4626639855367635,0.3173916064123955,211.5,2.325310371711061
Perm643,Polyimides and Polypyrrolones,FC(F)(F)C(C1=CC2=C(C=C1)C(=O)N(*)C2=O)(C1=CC=C2C(=O)N(C(=O)C2=C1)C1=CC2=C(C=C1)C1C=CC(*)=CC1C2)C(F)(F)F,1.1671531415,0.0091822464047108,10,0.4570934846171038,0.3064524745109549,41.9,1.6222140229662954
Perm644,Polyimides and Polypyrrolones,FC(F)(F)C(C1=CC2=C(C=C1)C(=O)N(*)C2=O)(C1=CC=C2C(=O)N(C(=O)C2=C1)C1=CC2=C(C=C1)C1C=CC(*)=CC1C2=O)C(F)(F)F,1.2290473068,0.0075608312332104,10,0.449568448111207,0.2816968425146651,33.9,1.530199698203082
Perm646,Polyimides and Polypyrrolones,FC(F)(F)C(C1=CC2=C(C=C1)C(=O)N(*)C2=O)(C1=CC=C2C(=O)N(C(=O)C2=C1)C1=CC=C(CC2=CC=C(*)C=C2)C=C1)C(F)(F)F,1.2199868958,0.0078472980112558,10,0.4617363697954574,0.2676939833958627,44.7,1.6503075231319364
Perm647,Polyimides and Polypyrrolones,FC(F)(F)C(C1=CC2=C(C=C1)C(=O)N(*)C2=O)(C1=CC=C2C(=O)N(C(=O)C2=C1)C1=CC=C(OC2=CC=C(*)C=C2)C=C1)C(F)(F)F,1.2467960148,0.0075989707513939,10,0.4520213460957898,0.267348063208209,47.3,1.6748611407378116
Perm652,Polyimides and Polypyrrolones,FC(F)(F)C(C1=CC2=C(C=C1)C(=O)N(*)C2=O)(C1=CC=C2C(=O)N(C(=O)C2=C1)C1=CC=CC(*)=C1)C(F)(F)F,1.2450013021,0.0082586196236425,10,0.4381627400634077,0.2908328635161596,43.65,1.6399842480415885
Perm659,Polyimides_NEW,FC(F)(F)C(C1=CC2=C(C=C1)C(=O)N(C2=O)C1=CC=C(OC2=CC=C(C=C2)C2(C3=C(C=CC=C3)C3=C2C=CC=C3)C2=CC=C(OC3=CC=C(*)C=C3)C=C2)C=C1)(C1=CC=C2C(=O)N(*)C(=O)C2=C1)C(F)(F)F,1.1416576183,0.0073205039926661,10,0.4860048365807251,0.2786935385230592,61.33,1.787672964687493
Perm661,Polyimides and Polypyrrolones,FC(F)(F)C(C1=CC2C(C=C1)C(=O)N(*)C2=O)(C1=CC=C2C(=O)N(C(=O)C2=C1)C1=CC(OC2=CC=CC(*)=C2)=CC=C1)C(F)(F)F,1.2472410676,0.0076144429925922,10,0.4570414162129371,0.2589469289367084,14.0,1.146128035678238
Perm663,Polyimides and Polypyrrolones,FC(F)(F)C(C1=CC2C(C=C1)C(=O)N(*)C2=O)(C1=CC=C2C(=O)N(C(=O)C2=C1)C1=CC=C(C=C1)N(C1=CC=CC=C1)C1=CC=C(*)C=C1)C(F)(F)F,1.1931824784,0.0091483039446477,10,0.4733318492547027,0.2657973503008042,54.0,1.7323937598229686
Perm669,High Temperature Polymers,FC(F)(F)C(C1=CC2N=C(*)OC2C=C1)(C1=CC=C2OC(=NC2=C1)C1=CC2=C(C=C1)C=C(*)C=C2)C(F)(F)F,1.1576148652,0.0089416410337714,10,0.4580714518154295,0.3106485814711273,24.0,1.380211241711606
Perm670,High Temperature Polymers,FC(F)(F)C(C1=CC2N=C(*)OC2C=C1)(C1=CC=C2OC(=NC2=C1)C1=CC=C(C=C1)C(=O)C1=CC=C(*)C=C1)C(F)(F)F,1.2046901515,0.008052649062582,10,0.4651189205698772,0.2715785622471056,37.0,1.568201724066995
Perm671,High Temperature Polymers,FC(F)(F)C(C1=CC2N=C(OC2C=C1)C1=CC(*)=CC=C1)(C1=CC=C2OC(=NC2=C1)C1=CC=CC(*)=C1)C(F)(F)F,1.1572314316,0.0083412956924899,10,0.4673975469660151,0.2968467278776471,1228.0,3.089198366805149
Perm672,Thermally Rearranged Polymers,FC(F)(F)C(C1=CC=C(*)C=C1)(C1=CC=C(C=C1)C1=NC2=C(O1)C=CC(=C2)C(C1=CC2=C(OC(*)=N2)C=C1)(C(F)(F)F)C(F)(F)F)C(F)(F)F,1.2053546363,0.0091071818276508,10,0.4315635438269208,0.3237567460672116,3598.5,3.5561215070235117
Perm673,Thermally Rearranged Polymers,FC(F)(F)C(C1=CC=C(*)C=C1)(C1=CC=C(C=C1)C1=NC2=C(O1)C=CC(=C2)C(C1=CC=C2OC(*)=NC2=C1)(C(F)(F)F)C(F)(F)F)C(F)(F)F,1.1941772503,0.0095433782803817,10,0.4315832960920477,0.329996960056604,4194.0,3.622628426129325
Perm674,High Temperature Polymers,FC(F)(F)C(C1=CC=C(*)C=C1)(C1=CC=C(C=C1)C1=NC2=CC(=CC=C2O1)C(C1=CC2N=C(*)OC2C=C1)(C(F)(F)F)C(F)(F)F)C(F)(F)F,1.2336719599,0.0091607742731608,10,0.4356990559632357,0.3012373792142317,120.0,2.0791812460476247
Perm680,Polyimides and Polypyrrolones,FC(F)(F)C(C1=CC=C(*)C=C1)(C1=CC=C(C=C1)N1C(=O)C2=CC=C(C=C2C1=O)C(=O)C1=CC=C2C(=O)N(*)C(=O)C2=C1)C(F)(F)F,1.2364644087,0.0087689229130908,10,0.4538196343265838,0.2705286264417094,30.8,1.4885507165004443
Perm688,Polysulfones,FC(F)(F)C(C1=CC=C(*)C=C1)(C1=CC=C(OC2=CC=C(C=C2)S(=O)(=O)C2=CC=C(O*)C=C2)C=C1)C(F)(F)F,1.2858423040999998,0.0076976695352494,10,0.4595658273794623,0.2317920629278003,15.1,1.1789769472931695
Perm692,Polycarbonates,FC(F)(F)C(C1=CC=C(O*)C=C1)(C1=CC=C(OC(*)=O)C=C1)C(F)(F)F,1.3207306144,0.0088344257994132,10,0.4363802484507526,0.2507570202570968,27.0,1.4313637641589874
Perm698,Polyimides and Polypyrrolones,FC(F)(F)C(C1=CC=C(OC(=O)C2=CC3=C(C=C2)C(=O)N(*)C3=O)C=C1)(C1=CC=C(OC(=O)C2=CC=C3C(=O)N(C(=O)C3=C2)C2=CC=C(C=C2)C2=CC=C(*)C=C2)C=C1)C(F)(F)F,1.2286665857,0.007497079460956,10,0.4704826148241812,0.2485138516165945,5.01,0.6998377258672457
Perm702,Polyimides and Polypyrrolones,FC(F)(F)C(C1=CC=C(OC2=CC(=CC=C2)N2C(=O)C3=CC4C(C=C3C2=O)C(=O)N(*)C4=O)C=C1)(C1=CC=C(OC2=CC=CC(*)=C2)C=C1)C(F)(F)F,1.2611351888,0.0083545198624281,10,0.4658714354015861,0.2362150811657818,19.0,1.2787536009528289
Perm705,Polyimides and Polypyrrolones,FC(F)(F)C(C1=CC=C(OC2=CC=C(*)C=C2)C=C1)(C1=CC=C(OC2=CC=C(C=C2)N2C(=C)C3=CC=C4C(=C)N(*)C(=C)C5=C4C3=C(C=C5)C2=C)C=C1)C(F)(F)F,1.1699170801,0.0082089605055351,10,0.4980354388250251,0.2425417837105556,50.0,1.6989700043360187
Perm708,Polyimides and Polypyrrolones,FC(F)(F)C(C1=CC=C(OC2=CC=C(*)C=C2)C=C1)(C1=CC=C(OC2=CC=C(C=C2)N2C(=O)C3=CC4C(C=C3C2=O)C(=O)N(*)C4=O)C=C1)C(F)(F)F,1.2211622186,0.0074202362205594,10,0.4664136772795573,0.2595632107882848,24.0,1.380211241711606
Perm713,Polyimides and Polypyrrolones,FC(F)(F)C(C1=CC=C(OC2=CC=C(*)C=C2)C=C1)(C1=CC=C(OC2=CC=C(C=C2)N2C(=O)C3=CC=C(C=C3C2=O)C2=CC=C3C(=O)N(*)C(=O)C3=C2)C=C1)C(F)(F)F,1.2542517813000005,0.0069746283845638,10,0.4722301311311949,0.2300158718987157,17.3,1.2380461031287955
Perm718,Polyimides and Polypyrrolones,FC(F)(F)C(C1=CC=C2C(=O)N(*)C(=O)C2=C1)(C1=CC=C2C(=O)N(C(=O)C2=C1)C1=CC=C(OC2=CC=C(*)C=C2)C=C1)C(F)(F)F,1.2273959576000002,0.0074143862262897,10,0.4518354015310988,0.2790447710582033,40.7,1.6095944092252201
Perm723,Polyimides and Polypyrrolones,FC(F)(F)C(C1=CC=C2C(=O)N(C(=O)C2=C1)C1=CC=C(*)C=C1)(C1=CC2=C(C=C1)C(=O)N(*)C2=O)C(F)(F)F,1.1405830809,0.0094425843539852,10,0.4387445601503137,0.3494479912123317,107.0,2.0293837776852097
Perm727,Vinyl and Vinylidene Polymers,FC(F)(F)C(F)(F)C(F)(F)C(F)(F)C(F)(F)C(F)(F)C(F)(F)COC(=O)C(*)C*,1.5607925227,0.010712170935197,10,0.359015792299937,0.2715460866011546,300.0,2.4771212547196626
Perm734,Polyimides and Polypyrrolones,FC(F)(F)C1=C(OC2=CC=C(C=C2)C(C2=CC=C(OC3=C(C=C(C=C3)N3C(=O)C4=CC=C(C=C4C3=O)C(C3=CC=C4C(=O)N(*)C(=O)C4=C3)(C(F)(F)F)C(F)(F)F)C(F)(F)F)C=C2)(C(F)(F)F)C(F)(F)F)C=CC(*)=C1,1.3184349363,0.0088050504785106,10,0.4269115561913417,0.2682883564892748,55.4,1.7435097647284297
Perm736,Polyimides and Polypyrrolones,FC(F)(F)C1=CC(*)=CC(=C1)N1C(=O)C2=CC=C(C=C2C1=O)C(C1=CC2C(C=C1)C(=O)N(*)C2=O)(C(F)(F)F)C(F)(F)F,1.2405751930000002,0.008139955654607,10,0.4264197710096696,0.3122924733648622,58.6,1.7678976160180906
Perm737,Polyimides_NEW,FC(F)(F)C1=CC(*)=CC=C1OC1=C(C2=C(C=CC=C2)C=C1)C1=C(OC2=C(C=C(C=C2)N2C(=O)C3=C(C=C(C=C3)C(C3=CC4=C(C=C3)C(=O)N(*)C4=O)(C(F)(F)F)C(F)(F)F)C2=O)C(F)(F)F)C=CC2=C1C=CC=C2,1.2248247096,0.0086352459250906,10,0.4525376794531184,0.2794368686350093,36.8,1.5658478186735176
Perm739,Poly(aryl ethers) and Poly(aryl ether ketones),FC(F)(F)C1=CC(=CC(=C1)C1=CC(O*)=CC=C1OC1=CC=C(C=C1)C(=O)C1=CC=C(*)C=C1)C(F)(F)F,1.2344660975,0.0088249985568458,10,0.4702251778223645,0.2453798477235969,21.0,1.3222192947339193
Perm741,Poly(aryl ethers) and Poly(aryl ether ketones),FC(F)(F)C1=CC(=CC=C1)C1=CC(O*)=CC=C1OC1=CC=C(C=C1)C(=O)C1=CC=C(*)C=C1,1.1953095419000002,0.0075570957268357,10,0.4987325279774027,0.2250183255885123,5.1,0.7075701760979364
Perm742,Poly(aryl ethers) and Poly(aryl ether ketones),FC(F)(F)C1=CC(=CC=C1)C1=CC(O*)=CC=C1OC1=CC=CC(*)=C1C#N,1.2040105658000002,0.0081865496422115,10,0.4854437947363996,0.2401767046459267,9.3,0.9684829485539351
Perm754,Poly(aryl ethers) and Poly(aryl ether ketones),FC(F)(F)C1CC(CCC1OC1=CC=C(C=C1)C1(C2=CC=CC=C2C2=C1C=CC=C2)C1=CC=C(*)C=C1)C1=CC(=CN=C1)C1=CC(=C(O*)C=C1)C(F)(F)F,1.1185331837999997,0.007610801737264,10,0.5068720014976558,0.2629609003014735,43.2,1.6354837468149122
Perm755,Poly(aryl ethers) and Poly(aryl ether ketones),FC(F)(F)C1CC(CCC1OC1=CC=C(C=C1)C1(C2=CC=CC=C2C2=C1C=CC=C2)C1=CC=C(*)C=C1)C1=CC=C(S1)C1=CC(=C(O*)C=C1)C(F)(F)F,1.1351730984,0.0090479264905566,10,0.4992024537316877,0.2633144450290726,55.0,1.7403626894942439
Perm765,Polynorbornenes,FCC1CC2CC1C(*)C2*,0.9403314681,0.0091068218666325,10,0.5682030688308722,0.3054110063395426,166.0,2.220108088040055
Perm774,Polysulfones,OC(=O)C1=C(C=CC=C1)C(C1=CC=C(O*)C=C1)C1=CC=C(OC2=CC=C(C=C2)S(=O)(=O)C2=CC=C(*)C=C2)C=C1,1.1807389857,0.0084419625672691,10,0.5141814571796529,0.2107516801191332,7.22,0.8585371975696391
Perm775,Poly(aryl ethers) and Poly(aryl ether ketones),OC(=O)C1C=CC=CC1C(C1=CC=C(O*)C=C1)C1=CC=C(OC2=CC=C(C=C2)C(=O)C2=CC=C(*)C=C2)C=C1,1.1071627052,0.0072229780880391,10,0.5405658042140449,0.2219574124280939,7.26,0.8609366207000937
Perm777,Various Polymers,OC(C*)CO*,1.1520432285,0.0084390055132563,10,0.5597856793679425,0.1616335082747565,0.0228,-1.6420651529995463
Perm783,Thermally Rearranged Polymers,OC1=CC=C(C=C1*)C(C1=CC(N2C(=O)C3=C(C=C(C=C3)C(C3=CC4=C(C=C3)C(=O)N(*)C4=O)(C(F)(F)F)C(F)(F)F)C2=O)=C(O)C=C1)(C(F)(F)F)C(F)(F)F,1.2437299271000002,0.0088998991776867,10,0.4216089656932539,0.3183220053837097,35.0,1.5440680443502757
Perm792,Polysulfones,[H]C([H])(C1=CC=C(O*)C=C1)C1=CC=C(OC2=CC=C(C=C2)S(=O)(=O)C2=CC=C(*)C=C2)C=C1,1.19386942,0.0080822542162577,10,0.5186908641248374,0.194976090554376,10.4,1.0170333392987803
Perm793,Polyimides_NEW,[H]C1=C([H])C2([H])C3C(C(=O)N(*)C3=O)C1([H])C1C2C(=O)N(C1=O)C1=CC2=C(C=C1O)C1(CC(C)(C)C3=C1C=C(O)C(*)=C3)CC2(C)C,0.91768011925,0.00780552837953,10,0.5207919374340048,0.3787034705764611,206.0,2.3138672203691533
Perm794,Polyarylates,[H]C1=CC(=CC(=C1)C(=O)OC1=C(Br)C=C(C=C1Br)C(C1=CC(Br)=C(O*)C(Br)=C1)(C(F)(F)F)C(F)(F)F)C(*)=O,1.6476787955,0.0109959747040333,10,0.3332759103037495,0.2861288544040176,65.0,1.8129133566428555
Perm795,Polyarylates,[H]C1=CC(=CC(=C1)C(=O)OC1=C(Br)C=C(C=C1Br)C1(C2C=CC=CC2C2C=CC=CC12)C1=CC(Br)=C(O*)C(Br)=C1)C(*)=O,1.3483888815999998,0.0097771227610809,10,0.387873774851301,0.3200939088841693,53.5,1.7283537820212285
Perm796,Polyarylates,[H]C1=CC(=CC(=C1)C(=O)OC1=C(Br)C=C(C=C1Br)C1(OC(=O)C2C=CC=CC12)C1=CC(Br)=C(O*)C(Br)=C1)C(*)=O,1.5278011024,0.0096667695265405,10,0.3663908887881951,0.2722958750601036,27.9,1.4456042032735976
Perm797,Polyarylates,[H]C1=CC(=CC(=C1)C(=O)OC1=C(C)C=C(C=C1Br)C(C)(C)C1=CC(Br)=C(O*)C(C)=C1)C(*)=O,1.2719313385,0.0083786594733464,10,0.4392350698988829,0.2737200945155846,23.3,1.3673559210260189
Perm798,Polyarylates,[H]C1=CC(=CC(=C1)C(=O)OC1=C(C)C=C(C=C1C)C(C)(C)C1=CC(C)=C(O*)C(C)=C1)C(*)=O,0.98704817264,0.0075369485460011,10,0.5668886248472059,0.2725897043804117,38.6,1.586587304671755
Perm799,Polyarylates,[H]C1=CC(=CC(=C1)C(=O)OC1=C(C)C=C(C=C1[H])C(C)(C)C1=CC([H])=C(O*)C(C)=C1)C(*)=O,1.0395196877,0.0074914784300581,10,0.5564239192465157,0.2480622956068676,7.79,0.8915374576725644
Perm800,Polyarylates,[H]C1=CC(=CC(=C1)C(=O)OC1=C(C=C(C=C1[H])C(C)(C)C1=CC([H])=C(O*)C(=C1)C(C)C)C(C)C)C(*)=O,0.97041524134,0.0088113782485579,10,0.5772367084249015,0.2717929103686046,18.9,1.276461804173244
Perm803,Uncategorised,[H]C1=CC(=CC(=C1)C(=O)OC1=C([H])C=C(C=C1[H])C1(OC(=O)C2=C1C=CC=C2)C1=CC([H])=C(O*)C([H])=C1)C(*)=O,1.1835343889,0.0079726375514162,10,0.5106254692096135,0.2143543565448915,14.7,1.167317334748176
Perm805,Polyarylates,[H]C1=CC(=CC(C(C)C)=C1OC(=O)C1=CC(=CC(=C1)C(*)=O)C(C)(C)C)C(C)(C)C1=CC([H])=C(O*)C(=C1)C(C)C,0.94723717253,0.0076668433373793,10,0.5927914748996994,0.2700316432409564,41.4,1.6170003411208989
Perm808,Polyarylates,[H]C1=CC(=CC(C)=C1OC(=O)C1=CC(=CC(=C1)C(*)=O)C(C)(C)C)C(C)(C)C1=CC([H])=C(O*)C(C)=C1,0.96934995077,0.0073315994544893,10,0.5774270544997215,0.2723524470916574,27.1,1.4329692908744058
Perm809,Polyarylates,[H]C1=CC(=CC([H])=C1O*)C(C)(C)C1=CC([H])=C(OC(=O)C2=CC(=CC(=C2)C(*)=O)C(C)(C)C)C([H])=C1,1.0411525950999998,0.0069477346125289,10,0.5674867482912863,0.2319076091311669,41.9,1.6222140229662954
Perm812,Polyarylates,[H]C1=CC(=CC([H])=C1O*)C1(C2C=CC=CC2C2C=CC=CC12)C1=CC([H])=C(OC(=O)C2=CC(=CC(=C2)C(*)=O)C(C)(C)C)C([H])=C1,0.98517148438,0.0079841826271502,10,0.5601293603759864,0.2826294845716404,63.1,1.8000293592441343
Perm813,Uncategorised,[H]C1=CC(=CC([H])=C1O*)C1(C2C=CC=CC2C2C=CC=CC12)C1=CC([H])=C(OC(=O)C2=CC=CC(=C2)C(*)=O)C([H])=C1,1.0828545367,0.0072960745229038,10,0.5414427642980074,0.2378051202114679,26.1,1.416640507338281
Perm814,Uncategorised,[H]C1=CC(=CC([H])=C1O*)C1(OC(=O)C2=C1C=CC=C2)C1=CC([H])=C(OC(=O)C2=CC(=CC(=C2)C(*)=O)C(C)(C)C)C([H])=C1,1.0639615084,0.0078009018443379,10,0.533918176452374,0.261511095105421,41.3,1.615950051656401
Perm818,Substituted Polyacetylenes,[H]C1=CC2=C(C=C1)C1=CC=C(C=C1C2(C)C)C(*)=C(*)C1=CC(F)=C(F)C=C1,0.8388985353099999,0.0089459903679961,10,0.5360772089329231,0.4153712989970274,11000.0,4.041392685158225
Perm819,Substituted Polyacetylenes,[H]C1=CC2=C(C=C1)C1=CC=C(C=C1C2(C)C)C(*)=C(*)C1=CC(F)=CC(F)=C1,0.87818701535,0.0116212581702475,10,0.5355760170127588,0.3885633249644817,5000.0,3.6989700043360187
Perm820,Substituted Polyacetylenes,[H]C1=CC2=C(C=C1)C1=CC=C(C=C1C2(C)C)C(*)=C(*)C1=CC(F)=CC=C1,0.82458088165,0.0089561651359787,10,0.5564179939188358,0.4035448680110265,9900.0,3.99563519459755
Perm821,Substituted Polyacetylenes,[H]C1=CC2=C(C=C1)C1=CC=C(C=C1C2(C)C)C(*)=C(*)C1=CC=C(Br)C=C1,1.0256030358,0.0116782223204404,10,0.4894733504070827,0.3473930396430885,8700.0,3.9395192526186187
Perm822,Substituted Polyacetylenes,[H]C1=CC2=C(C=C1)C1=CC=C(C=C1C2(C)C)C(*)=C(*)C1=CC=C(C=C1)C(C)(C)C,0.80209677779,0.009078394684714,10,0.6026374087604555,0.3716144191347805,6300.0,3.7993405494535817
Perm824,Substituted Polyacetylenes,[H]C1=CC2=C(C=C1)C1=CC=C(C=C1C2(C)C)C(*)=C(*)C1=CC=C(F)C=C1,0.8852738591799999,0.0103810813282808,10,0.5567215321823645,0.3592936749312103,11000.0,4.041392685158225
Perm825,Substituted Polyacetylenes,[H]C1=CC2=C(C=C1)C1=CC=C(C=C1C2(C)C)C(*)=C(*)C1=CC=CC=C1,0.8342967504599998,0.0094330913937814,10,0.5804557435964323,0.3704459571311498,8100.0,3.90848501887865
Perm834,Polyamides_NEW,[H]N(*)C(=O)C1=CC=C(C=C1)C(C1=CC=C(C=C1)C(=O)N([H])C1=C(C)C2=C(C=C1C)C1C3=C(C=CC=C3)C2C2=C1C=C(C)C(*)=C2C)(C(F)(F)F)C(F)(F)F,1.01310316193,0.0083332542205196,10,0.500610595084391,0.3406787701916479,212.0,2.326335860928751
Perm837,Polyimides_NEW,*c1cccc2c(N3C(=O)c4ccc(-c5ccc6c(c5)C(=O)N(*)C6=O)cc4C3=O)cccc12,1.0584244866,0.0064747591915536,10,0.4930021353908231,0.3216528083431436,23.1,1.3636119798921444
Perm838,Polyimides_NEW,*CC1(C)CC(N2C(=O)c3ccc(-c4ccc5c(c4)C(=O)N(*)C5=O)cc3C2=O)CC(C)(C)C1,1.0554013781,0.0073110912337994,10,0.5371395178181623,0.2630328764615646,54.5,1.7363965022766426
